counter,config,intervention,P_cont,P_disp,P_out,P_cont_meas,P_disp_meas,P_out_meas,f_droplet,d_droplet,L_droplet,w_droplet,n_droplets,polydispersity,v_droplet,regime,status
0,pressure_driven,0,10000.0,2400.0,0,10025.1,2393.7,0,16.666666666666668,174.26061844815345,195.4709878191352,127.49999450534233,47,0.10480701568485036,21.11665907334837,dripping,ok
1,pressure_driven,0,10000.0,2400.0,0,10128.1,2405.0,0,16.666666666666668,173.5398613043556,195.4709878191352,127.49999450534233,48,0.11731467503315111,21.646172176744052,dripping,ok
2,pressure_driven,0,10000.0,2400.0,0,9892.9,2417.4,0,16.666666666666668,175.4892631709445,195.4710460267961,127.49999450534233,49,0.11474155755794983,21.108009626706668,dripping,ok
3,pressure_driven,0,10000.0,2700.0,0,10260.8,2751.1,0,33.333333333333336,179.52402618064258,210.5071907863021,127.49999450534233,52,0.10375734043183231,22.987098776027302,dripping,ok
4,pressure_driven,0,10000.0,2700.0,0,9859.3,2631.7,0,16.666666666666668,179.52402618064258,210.50721989013255,127.49999450534233,51,0.10620110316375528,22.554344545078095,dripping,ok
5,pressure_driven,0,10000.0,2700.0,0,9875.3,2702.2,0,16.666666666666668,180.51862673437554,210.507248993963,127.49999450534233,53,0.11366004745772189,22.554345503579135,dripping,ok
6,pressure_driven,0,10000.0,3000.0,0,9535.0,2986.9,0,33.333333333333336,188.00086413830388,225.54351016879082,127.49999450534233,56,0.11007089777273582,22.983748584465367,dripping,ok
7,pressure_driven,0,10000.0,3000.0,0,9750.8,2956.1,0,33.333333333333336,186.08634416645674,225.543393753469,127.49999450534233,56,0.11247010645257699,22.886300057155328,dripping,ok
8,pressure_driven,0,10000.0,3000.0,0,9891.1,2981.0,0,33.333333333333336,185.79748964028354,225.5434519611299,127.49999450534233,56,0.1144399699708477,23.056846969345123,dripping,ok
9,pressure_driven,0,10000.0,3300.0,0,10082.3,3368.8,0,33.333333333333336,192.42504387508546,240.5796549282968,127.49999450534233,63,0.12458436110356892,25.966689936691385,dripping,ok
10,pressure_driven,0,10000.0,3300.0,0,9974.3,3390.2,0,33.333333333333336,193.53840925427872,240.57971313595772,127.49999450534233,64,0.13240573121764249,25.623050974677632,dripping,ok
11,pressure_driven,0,10000.0,3300.0,0,9867.0,3323.2,0,33.333333333333336,192.79688005543886,233.06164075620472,127.49999450534233,63,0.13456636908237551,25.240501542311026,dripping,ok
12,pressure_driven,0,10000.0,3600.0,0,10180.7,3606.8,0,33.333333333333336,193.7233480535272,278.1702787615359,120.00000060652383,59,0.18399269330238202,21.62807048724382,dripping,ok
13,pressure_driven,0,10000.0,3600.0,0,9851.3,3533.6,0,33.333333333333336,185.121659366322,225.54351016879082,127.49999450534233,68,0.17192395998039314,23.304278628823933,dripping,ok
14,pressure_driven,0,10000.0,3600.0,0,9908.5,3615.9,0,33.333333333333336,194.64540632397362,285.68838024511933,127.49999450534233,57,0.18463607853359668,20.71789794728691,dripping,ok
15,pressure_driven,0,11500.0,2400.0,0,11267.8,2390.0,0,16.666666666666668,168.19569297275044,187.95288633555174,127.49999450534233,45,0.10404515588426562,23.214613487951546,dripping,ok
16,pressure_driven,0,11500.0,2400.0,0,11463.4,2426.0,0,16.666666666666668,167.9826521108426,180.43479940388352,127.49999450534233,46,0.10427865441922979,23.593313913738147,dripping,ok
17,pressure_driven,0,11500.0,2400.0,0,11549.4,2417.1,0,16.666666666666668,167.12777301402352,180.4347848519683,127.49999450534233,46,0.10525495802665877,23.688942538218473,dripping,ok
18,pressure_driven,0,11500.0,2700.0,0,11349.6,2693.0,0,16.666666666666668,172.6088217525457,195.4709878191352,127.49999450534233,51,0.10410952386962583,24.468155056749744,dripping,ok
19,pressure_driven,0,11500.0,2700.0,0,11680.3,2780.6,0,33.333333333333336,172.2973155945765,195.4709878191352,127.49999450534233,52,0.10405610614900482,25.454263738127086,dripping,ok
20,pressure_driven,0,11500.0,2700.0,0,11210.4,2781.8,0,33.333333333333336,174.773573396087,202.98908930271864,127.49999450534233,52,0.10094891384997104,24.53231668559258,dripping,ok
21,pressure_driven,0,11500.0,3000.0,0,11809.6,3046.9,0,33.333333333333336,176.30360287256306,202.98914751037955,127.49999450534233,57,0.11251179098674313,27.373784938936726,dripping,ok
22,pressure_driven,0,11500.0,3000.0,0,11560.8,2981.2,0,33.333333333333336,176.405101813998,202.98914751037955,127.49999450534233,54,0.10463138491004313,26.578868890602653,dripping,ok
23,pressure_driven,0,11500.0,3000.0,0,11835.3,3117.6,0,33.333333333333336,177.114198424101,202.98914751037955,127.49999450534233,59,0.11448565191671745,27.66916554850397,dripping,ok
24,pressure_driven,0,11500.0,3300.0,0,11914.4,3386.8,0,33.333333333333336,181.50777729899497,218.025321373716,123.74999755593308,66,0.11626563675539481,29.250742559579198,dripping,ok
25,pressure_driven,0,11500.0,3300.0,0,11582.2,3220.3,0,33.333333333333336,180.2207955288754,210.507248993963,127.49999450534233,62,0.1125495459487474,27.767828303626146,dripping,ok
26,pressure_driven,0,11500.0,3300.0,0,11499.0,3343.3,0,33.333333333333336,183.07930253076768,218.02535047754645,127.49999450534233,65,0.11394195750658628,28.37637420803215,dripping,ok
27,pressure_driven,0,11500.0,3600.0,0,11203.7,3628.4,0,33.333333333333336,191.49229459268543,240.57968403212726,127.49999450534233,67,0.11959181442468726,29.152182058173,dripping,ok
28,pressure_driven,0,11500.0,3600.0,0,11598.9,3650.1,0,33.333333333333336,189.42407956769105,233.06161165237427,120.00000060652383,67,0.11904828786389524,30.07245835594492,dripping,ok
29,pressure_driven,0,11500.0,3600.0,0,11227.7,3552.4,0,33.333333333333336,189.04560950015275,233.06155344471335,127.49999450534233,66,0.11045552227681486,28.720947278974425,dripping,ok
30,pressure_driven,0,13000.0,2400.0,0,12886.5,2343.8,0,16.666666666666668,160.5711704537475,172.91668336838484,123.74999755593308,42,0.10757692607646983,25.494430388413704,dripping,ok
31,pressure_driven,0,13000.0,2400.0,0,13452.2,2376.2,0,16.666666666666668,158.77702285203495,165.3985818848014,120.00000060652383,41,0.09777432061427173,26.67761068609909,dripping,ok
32,pressure_driven,0,13000.0,2400.0,0,13085.5,2387.6,0,16.666666666666668,160.5711704537475,172.91668336838484,120.00000060652383,41,0.09209328743200203,25.52028806090218,dripping,ok
33,pressure_driven,0,13000.0,2700.0,0,13411.7,2771.3,0,33.333333333333336,164.53648780720573,180.4347848519683,127.49999450534233,50,0.09845732164757558,28.577414624512333,dripping,ok
34,pressure_driven,0,13000.0,2700.0,0,13164.7,2581.0,0,33.333333333333336,163.2254192017366,176.67571955826133,127.49999450534233,46,0.09739911698707496,27.09519638095096,dripping,ok
35,pressure_driven,0,13000.0,2700.0,0,13013.5,2736.9,0,33.333333333333336,165.83719174623906,180.4347848519683,127.49999450534233,49,0.09252661653946122,27.735226825627564,dripping,ok
36,pressure_driven,0,13000.0,3000.0,0,13261.0,2962.9,0,16.666666666666668,168.408464332928,187.95288633555174,127.49999450534233,55,0.10251517124199483,29.413115227065163,dripping,ok
37,pressure_driven,0,13000.0,3000.0,0,13473.7,2920.8,0,16.666666666666668,166.69868944849046,180.4347848519683,127.49999450534233,53,0.09842736059941293,29.718483821982403,dripping,ok
38,pressure_driven,0,13000.0,3000.0,0,12828.0,3056.1,0,33.333333333333336,171.56837332342272,195.4709878191352,127.49999450534233,58,0.11139913751741107,29.346687177377333,dripping,ok
39,pressure_driven,0,13000.0,3300.0,0,13012.8,3432.2,0,33.333333333333336,176.810631586431,202.98920571804047,120.00000060652383,64,0.11270947921439979,31.04626234434383,dripping,ok
40,pressure_driven,0,13000.0,3300.0,0,13049.0,3258.2,0,33.333333333333336,173.8491406166571,195.4710460267961,127.49999450534233,63,0.10456413523365925,30.325328057176396,dripping,ok
41,pressure_driven,0,13000.0,3300.0,0,12901.8,3228.0,0,33.333333333333336,173.8491406166571,202.98908930271864,127.49999450534233,61,0.10187498541500054,30.072465514816916,dripping,ok
42,pressure_driven,0,13000.0,3600.0,0,12667.8,3645.4,0,50.0,182.88360038768107,218.02535047754645,120.00000060652383,65,0.11218606881549287,31.286581178812952,dripping,ok
43,pressure_driven,0,13000.0,3600.0,0,13151.1,3693.2,0,50.0,181.31037889660428,218.02535047754645,120.00000060652383,65,0.10863172259715588,32.595688160278456,dripping,ok
44,pressure_driven,0,13000.0,3600.0,0,12803.8,3721.6,0,50.0,183.66515779626366,225.543393753469,120.00000060652383,65,0.11425327138825078,32.04364530790437,dripping,ok
45,pressure_driven,0,14500.0,2400.0,0,14416.7,2475.6,0,16.666666666666668,156.96236870863288,165.3985818848014,127.49999450534233,41,0.08220501229153027,28.944242019650773,dripping,ok
46,pressure_driven,0,14500.0,2400.0,0,14374.5,2364.7,0,16.666666666666668,154.8953008435959,157.88048040121794,119.99999742329237,40,0.09957375063217265,28.329946294985948,dripping,ok
47,pressure_driven,0,14500.0,2400.0,0,14572.4,2449.5,0,16.666666666666668,156.0471284358011,165.3985818848014,119.99999424006091,42,0.09626955186858553,29.09952651380624,dripping,ok
48,pressure_driven,0,14500.0,2700.0,0,14546.7,2668.4,0,33.333333333333336,158.5513268987815,165.3985818848014,127.49999450534233,47,0.09164898008619958,30.07245748969055,dripping,ok
49,pressure_driven,0,14500.0,2700.0,0,14111.0,2624.3,0,33.333333333333336,159.9007242251028,172.91668336838484,127.49999450534233,46,0.09022953544467405,29.200986057490372,dripping,ok
50,pressure_driven,0,14500.0,2700.0,0,14645.8,2753.4,0,33.333333333333336,159.45219396085363,172.9166688164696,127.49999450534233,48,0.09288955336318368,30.568121738691815,dripping,ok
51,pressure_driven,0,14500.0,3000.0,0,14452.4,2935.5,0,33.333333333333336,162.78604984703065,180.43475574813783,127.49999450534233,53,0.09367425429619165,31.102373961514186,dripping,ok
52,pressure_driven,0,14500.0,3000.0,0,14753.2,2923.2,0,33.333333333333336,161.46076823318984,172.91668336838484,127.49999450534233,53,0.09437953606023192,31.692021488936543,dripping,ok
53,pressure_driven,0,14500.0,3000.0,0,14293.2,3037.3,0,16.666666666666668,164.9711952696999,180.4347848519683,127.49999450534233,58,0.10560875731675269,31.379210752647136,dripping,ok
54,pressure_driven,0,14500.0,3300.0,0,13847.5,3325.5,0,33.333333333333336,171.35952556089197,195.4709878191352,127.49999450534233,61,0.09613840134744929,31.906216160425146,dripping,ok
55,pressure_driven,0,14500.0,3300.0,0,14331.3,3307.2,0,33.333333333333336,168.8332026224634,187.95294454321265,123.74999437270162,60,0.0918479446253963,32.75782995504547,dripping,ok
56,pressure_driven,0,14500.0,3300.0,0,14478.0,3313.3,0,33.333333333333336,168.408464332928,187.95288633555174,119.99999424006091,59,0.087023738874808,33.00078691933183,dripping,ok
57,pressure_driven,0,14500.0,3600.0,0,14701.3,3545.4,0,50.0,170.94106455638823,195.47101692296565,127.49999450534233,61,0.09260648301516558,34.6438397208378,dripping,ok
58,pressure_driven,0,14500.0,3600.0,0,14912.1,3652.3,0,50.0,171.98530801678393,195.4710460267961,127.49999450534233,63,0.10126649350974065,35.408753004808624,dripping,ok
59,pressure_driven,0,14500.0,3600.0,0,14744.7,3683.9,0,50.0,173.4366865584312,202.98908930271864,127.49999450534233,64,0.10624322633043087,35.38627283457711,dripping,ok
60,pressure_driven,0,16000.0,2400.0,0,16252.0,2440.5,0,16.666666666666668,149.96197337620055,157.88042219355702,119.99999424006091,39,0.08790009962093064,31.689776109381196,dripping,ok
61,pressure_driven,0,16000.0,2400.0,0,16024.2,2331.5,0,16.666666666666668,149.24387520334034,150.36232070997357,119.99999424006091,35,0.09085799425190776,30.598861406648865,dripping,ok
62,pressure_driven,0,16000.0,2400.0,0,15956.8,2363.1,0,16.666666666666668,149.8424816880215,157.88039308972657,119.99999424006091,36,0.07891286849630236,30.69413998159333,dripping,ok
63,pressure_driven,0,16000.0,2700.0,0,15544.7,2714.0,0,33.333333333333336,156.16178472721782,165.3985382290557,127.49999450534233,46,0.08017204349507902,31.857840399000082,dripping,ok
64,pressure_driven,0,16000.0,2700.0,0,15818.1,2644.4,0,33.333333333333336,154.43240664549634,161.6395020391792,127.49999450534233,44,0.07546581962377408,32.111635313279606,dripping,ok
65,pressure_driven,0,16000.0,2700.0,0,15666.2,2714.5,0,33.333333333333336,155.70248386822436,165.39855278097093,127.49999450534233,46,0.07940829044917265,31.992617181192458,dripping,ok
66,pressure_driven,0,16000.0,3000.0,0,16114.8,3079.3,0,33.333333333333336,158.77702285203495,172.91665426455438,127.49999450534233,55,0.08728711478698126,34.37894534588847,dripping,ok
67,pressure_driven,0,16000.0,3000.0,0,15995.5,3062.5,0,33.333333333333336,159.00239844149198,172.91668336838484,123.74999437270162,56,0.09554816621870198,34.338365285395604,dripping,ok
68,pressure_driven,0,16000.0,3000.0,0,16448.7,3069.0,0,33.333333333333336,157.3041697520884,165.3985818848014,123.74999437270162,54,0.0884867432159949,35.24297823800449,dripping,ok
69,pressure_driven,0,16000.0,3300.0,0,15243.1,3381.1,0,50.0,166.2684985650065,187.95288633555174,127.49999450534233,61,0.09812363448330369,34.31907112409905,dripping,ok
70,pressure_driven,0,16000.0,3300.0,0,16108.7,3328.0,0,33.333333333333336,162.34549139417837,180.4347848519683,123.74999437270162,58,0.09118266536277643,35.66165821058198,dripping,ok
71,pressure_driven,0,16000.0,3300.0,0,16118.8,3325.3,0,33.333333333333336,162.34549139417837,180.4347848519683,123.74999437270162,58,0.09172704586496949,35.693548555946876,dripping,ok
72,pressure_driven,0,16000.0,3600.0,0,16102.2,3574.2,0,50.0,166.05298519048134,187.95288633555174,123.74999437270162,62,0.10479018179027387,37.14663762785286,dripping,ok
73,pressure_driven,0,16000.0,3600.0,0,15391.5,3592.2,0,50.0,169.0451715730122,195.4709878191352,127.49999450534233,62,0.0965571865299722,35.9304765889717,dripping,ok
74,pressure_driven,0,16000.0,3600.0,0,15742.8,3677.8,0,50.0,169.15102331866854,195.47100237105042,123.74999437270162,64,0.10667529705761307,37.14539979850437,dripping,ok
