name,P_cont_nominal,P_disp_nominal,P_cont,P_disp,repeat,status,frequency_Hz,n_detections,n_free,L_um,w_um,d_eq_um,L_over_w,polydispersity,v_drop_mm_s
pc10k_pd2.4k_r0,10000.0,2400.0,10025.1,2393.7,0,ok,16.666666666666668,67,47,195.4709878191352,127.49999450534233,174.26061844815345,1.3031399187942345,0.10480701568485036,21.11665907334837
pc10k_pd2.4k_r1,10000.0,2400.0,10128.1,2405.0,1,ok,16.666666666666668,67,48,195.4709878191352,127.49999450534233,173.5398613043556,1.3031399187942345,0.11731467503315111,21.646172176744052
pc10k_pd2.4k_r2,10000.0,2400.0,9892.9,2417.4,2,ok,16.666666666666668,68,49,195.4710460267961,127.49999450534233,175.4892631709445,1.3031403068453074,0.11474155755794983,21.108009626706668
pc10k_pd2.7k_r0,10000.0,2700.0,10260.8,2751.1,0,ok,33.333333333333336,75,52,210.5071907863021,127.49999450534233,179.52402618064258,1.4033812719086807,0.10375734043183231,22.987098776027302
pc10k_pd2.7k_r1,10000.0,2700.0,9859.3,2631.7,1,ok,16.666666666666668,74,51,210.50721989013255,127.49999450534233,179.52402618064258,1.403381465934217,0.10620110316375528,22.554344545078095
pc10k_pd2.7k_r2,10000.0,2700.0,9875.3,2702.2,2,ok,16.666666666666668,75,53,210.507248993963,127.49999450534233,180.51862673437554,1.4033816599597533,0.11366004745772189,22.554345503579135
pc10k_pd3k_r0,10000.0,3000.0,9535.0,2986.9,0,ok,33.333333333333336,82,56,225.54351016879082,127.49999450534233,188.00086413830388,1.503623401125272,0.11007089777273582,22.983748584465367
pc10k_pd3k_r1,10000.0,3000.0,9750.8,2956.1,1,ok,33.333333333333336,82,56,225.543393753469,127.49999450534233,186.08634416645674,1.5036226250231266,0.11247010645257699,22.886300057155328
pc10k_pd3k_r2,10000.0,3000.0,9891.1,2981.0,2,ok,33.333333333333336,82,56,225.5434519611299,127.49999450534233,185.79748964028354,1.5036230130741994,0.1144399699708477,23.056846969345123
pc10k_pd3.3k_r0,10000.0,3300.0,10082.3,3368.8,0,ok,33.333333333333336,89,63,240.5796549282968,127.49999450534233,192.42504387508546,1.6038643661886454,0.12458436110356892,25.966689936691385
pc10k_pd3.3k_r1,10000.0,3300.0,9974.3,3390.2,1,ok,33.333333333333336,89,64,240.57971313595772,127.49999450534233,193.53840925427872,1.6038647542397182,0.13240573121764249,25.623050974677632
pc10k_pd3.3k_r2,10000.0,3300.0,9867.0,3323.2,2,ok,33.333333333333336,89,63,233.06164075620472,127.49999450534233,192.79688005543886,1.5537442717080314,0.13456636908237551,25.240501542311026
pc10k_pd3.6k_r0,10000.0,3600.0,10180.7,3606.8,0,ok,33.333333333333336,83,59,278.1702787615359,120.00000060652383,193.7233480535272,1.854468525076906,0.18399269330238202,21.62807048724382
pc10k_pd3.6k_r1,10000.0,3600.0,9851.3,3533.6,1,ok,33.333333333333336,90,68,225.54351016879082,127.49999450534233,185.121659366322,1.503623401125272,0.17192395998039314,23.304278628823933
pc10k_pd3.6k_r2,10000.0,3600.0,9908.5,3615.9,2,ok,33.333333333333336,81,57,285.68838024511933,127.49999450534233,194.64540632397362,1.9045892016341288,0.18463607853359668,20.71789794728691
pc11.5k_pd2.4k_r0,11500.0,2400.0,11267.8,2390.0,0,ok,16.666666666666668,68,45,187.95288633555174,127.49999450534233,168.19569297275044,1.2530192422370117,0.10404515588426562,23.214613487951546
pc11.5k_pd2.4k_r1,11500.0,2400.0,11463.4,2426.0,1,ok,16.666666666666668,69,46,180.43479940388352,127.49999450534233,167.9826521108426,1.2028986626925569,0.10427865441922979,23.593313913738147
pc11.5k_pd2.4k_r2,11500.0,2400.0,11549.4,2417.1,2,ok,16.666666666666668,68,46,180.4347848519683,127.49999450534233,167.12777301402352,1.2028985656797886,0.10525495802665877,23.688942538218473
pc11.5k_pd2.7k_r0,11500.0,2700.0,11349.6,2693.0,0,ok,16.666666666666668,73,51,195.4709878191352,127.49999450534233,172.6088217525457,1.3031399187942345,0.10410952386962583,24.468155056749744
pc11.5k_pd2.7k_r1,11500.0,2700.0,11680.3,2780.6,1,ok,33.333333333333336,76,52,195.4709878191352,127.49999450534233,172.2973155945765,1.3031399187942345,0.10405610614900482,25.454263738127086
pc11.5k_pd2.7k_r2,11500.0,2700.0,11210.4,2781.8,2,ok,33.333333333333336,77,52,202.98908930271864,127.49999450534233,174.773573396087,1.3532605953514576,0.10094891384997104,24.53231668559258
pc11.5k_pd3k_r0,11500.0,3000.0,11809.6,3046.9,0,ok,33.333333333333336,84,57,202.98914751037955,127.49999450534233,176.30360287256306,1.3532609834025304,0.11251179098674313,27.373784938936726
pc11.5k_pd3k_r1,11500.0,3000.0,11560.8,2981.2,1,ok,33.333333333333336,82,54,202.98914751037955,127.49999450534233,176.405101813998,1.3532609834025304,0.10463138491004313,26.578868890602653
pc11.5k_pd3k_r2,11500.0,3000.0,11835.3,3117.6,2,ok,33.333333333333336,84,59,202.98914751037955,127.49999450534233,177.114198424101,1.3532609834025304,0.11448565191671745,27.66916554850397
pc11.5k_pd3.3k_r0,11500.0,3300.0,11914.4,3386.8,0,ok,33.333333333333336,90,66,218.025321373716,123.74999755593308,181.50777729899497,1.45350214249144,0.11626563675539481,29.250742559579198
pc11.5k_pd3.3k_r1,11500.0,3300.0,11582.2,3220.3,1,ok,33.333333333333336,87,62,210.507248993963,127.49999450534233,180.2207955288754,1.4033816599597533,0.1125495459487474,27.767828303626146
pc11.5k_pd3.3k_r2,11500.0,3300.0,11499.0,3343.3,2,ok,33.333333333333336,88,65,218.02535047754645,127.49999450534233,183.07930253076768,1.4535023365169764,0.11394195750658628,28.37637420803215
pc11.5k_pd3.6k_r0,11500.0,3600.0,11203.7,3628.4,0,ok,33.333333333333336,92,67,240.57968403212726,127.49999450534233,191.49229459268543,1.6038645602141817,0.11959181442468726,29.152182058173
pc11.5k_pd3.6k_r1,11500.0,3600.0,11598.9,3650.1,1,ok,33.333333333333336,93,67,233.06161165237427,120.00000060652383,189.42407956769105,1.5537440776824951,0.11904828786389524,30.07245835594492
pc11.5k_pd3.6k_r2,11500.0,3600.0,11227.7,3552.4,2,ok,33.333333333333336,91,66,233.06155344471335,127.49999450534233,189.04560950015275,1.5537436896314223,0.11045552227681486,28.720947278974425
pc13k_pd2.4k_r0,13000.0,2400.0,12886.5,2343.8,0,ok,16.666666666666668,66,42,172.91668336838484,123.74999755593308,160.5711704537475,1.1527778891225655,0.10757692607646983,25.494430388413704
pc13k_pd2.4k_r1,13000.0,2400.0,13452.2,2376.2,1,ok,16.666666666666668,65,41,165.3985818848014,120.00000060652383,158.77702285203495,1.1026572125653427,0.09777432061427173,26.67761068609909
pc13k_pd2.4k_r2,13000.0,2400.0,13085.5,2387.6,2,ok,16.666666666666668,67,41,172.91668336838484,120.00000060652383,160.5711704537475,1.1527778891225655,0.09209328743200203,25.52028806090218
pc13k_pd2.7k_r0,13000.0,2700.0,13411.7,2771.3,0,ok,33.333333333333336,75,50,180.4347848519683,127.49999450534233,164.53648780720573,1.2028985656797886,0.09845732164757558,28.577414624512333
pc13k_pd2.7k_r1,13000.0,2700.0,13164.7,2581.0,1,ok,33.333333333333336,69,46,176.67571955826133,127.49999450534233,163.2254192017366,1.177838130388409,0.09739911698707496,27.09519638095096
pc13k_pd2.7k_r2,13000.0,2700.0,13013.5,2736.9,2,ok,33.333333333333336,74,49,180.4347848519683,127.49999450534233,165.83719174623906,1.2028985656797886,0.09252661653946122,27.735226825627564
pc13k_pd3k_r0,13000.0,3000.0,13261.0,2962.9,0,ok,16.666666666666668,80,55,187.95288633555174,127.49999450534233,168.408464332928,1.2530192422370117,0.10251517124199483,29.413115227065163
pc13k_pd3k_r1,13000.0,3000.0,13473.7,2920.8,1,ok,16.666666666666668,80,53,180.4347848519683,127.49999450534233,166.69868944849046,1.2028985656797886,0.09842736059941293,29.718483821982403
pc13k_pd3k_r2,13000.0,3000.0,12828.0,3056.1,2,ok,33.333333333333336,84,58,195.4709878191352,127.49999450534233,171.56837332342272,1.3031399187942345,0.11139913751741107,29.346687177377333
pc13k_pd3.3k_r0,13000.0,3300.0,13012.8,3432.2,0,ok,33.333333333333336,90,64,202.98920571804047,120.00000060652383,176.810631586431,1.353261371453603,0.11270947921439979,31.04626234434383
pc13k_pd3.3k_r1,13000.0,3300.0,13049.0,3258.2,1,ok,33.333333333333336,87,63,195.4710460267961,127.49999450534233,173.8491406166571,1.3031403068453074,0.10456413523365925,30.325328057176396
pc13k_pd3.3k_r2,13000.0,3300.0,12901.8,3228.0,2,ok,33.333333333333336,87,61,202.98908930271864,127.49999450534233,173.8491406166571,1.3532605953514576,0.10187498541500054,30.072465514816916
pc13k_pd3.6k_r0,13000.0,3600.0,12667.8,3645.4,0,ok,50.0,92,65,218.02535047754645,120.00000060652383,182.88360038768107,1.4535023365169764,0.11218606881549287,31.286581178812952
pc13k_pd3.6k_r1,13000.0,3600.0,13151.1,3693.2,1,ok,50.0,95,65,218.02535047754645,120.00000060652383,181.31037889660428,1.4535023365169764,0.10863172259715588,32.595688160278456
pc13k_pd3.6k_r2,13000.0,3600.0,12803.8,3721.6,2,ok,50.0,95,65,225.543393753469,120.00000060652383,183.66515779626366,1.5036226250231266,0.11425327138825078,32.04364530790437
pc14.5k_pd2.4k_r0,14500.0,2400.0,14416.7,2475.6,0,ok,16.666666666666668,65,41,165.3985818848014,127.49999450534233,156.96236870863288,1.1026572125653427,0.08220501229153027,28.944242019650773
pc14.5k_pd2.4k_r1,14500.0,2400.0,14374.5,2364.7,1,ok,16.666666666666668,63,40,157.88048040121794,119.99999742329237,154.8953008435959,1.0525365360081196,0.09957375063217265,28.329946294985948
pc14.5k_pd2.4k_r2,14500.0,2400.0,14572.4,2449.5,2,ok,16.666666666666668,64,42,165.3985818848014,119.99999424006091,156.0471284358011,1.1026572125653427,0.09626955186858553,29.09952651380624
pc14.5k_pd2.7k_r0,14500.0,2700.0,14546.7,2668.4,0,ok,33.333333333333336,70,47,165.3985818848014,127.49999450534233,158.5513268987815,1.1026572125653427,0.09164898008619958,30.07245748969055
pc14.5k_pd2.7k_r1,14500.0,2700.0,14111.0,2624.3,1,ok,33.333333333333336,68,46,172.91668336838484,127.49999450534233,159.9007242251028,1.1527778891225655,0.09022953544467405,29.200986057490372
pc14.5k_pd2.7k_r2,14500.0,2700.0,14645.8,2753.4,2,ok,33.333333333333336,73,48,172.9166688164696,127.49999450534233,159.45219396085363,1.1527777921097975,0.09288955336318368,30.568121738691815
pc14.5k_pd3k_r0,14500.0,3000.0,14452.4,2935.5,0,ok,33.333333333333336,80,53,180.43475574813783,127.49999450534233,162.78604984703065,1.2028983716542523,0.09367425429619165,31.102373961514186
pc14.5k_pd3k_r1,14500.0,3000.0,14753.2,2923.2,1,ok,33.333333333333336,79,53,172.91668336838484,127.49999450534233,161.46076823318984,1.1527778891225655,0.09437953606023192,31.692021488936543
pc14.5k_pd3k_r2,14500.0,3000.0,14293.2,3037.3,2,ok,16.666666666666668,83,58,180.4347848519683,127.49999450534233,164.9711952696999,1.2028985656797886,0.10560875731675269,31.379210752647136
pc14.5k_pd3.3k_r0,14500.0,3300.0,13847.5,3325.5,0,ok,33.333333333333336,89,61,195.4709878191352,127.49999450534233,171.35952556089197,1.3031399187942345,0.09613840134744929,31.906216160425146
pc14.5k_pd3.3k_r1,14500.0,3300.0,14331.3,3307.2,1,ok,33.333333333333336,88,60,187.95294454321265,123.74999437270162,168.8332026224634,1.2530196302880843,0.0918479446253963,32.75782995504547
pc14.5k_pd3.3k_r2,14500.0,3300.0,14478.0,3313.3,2,ok,33.333333333333336,89,59,187.95288633555174,119.99999424006091,168.408464332928,1.2530192422370117,0.087023738874808,33.00078691933183
pc14.5k_pd3.6k_r0,14500.0,3600.0,14701.3,3545.4,0,ok,50.0,92,61,195.47101692296565,127.49999450534233,170.94106455638823,1.303140112819771,0.09260648301516558,34.6438397208378
pc14.5k_pd3.6k_r1,14500.0,3600.0,14912.1,3652.3,1,ok,50.0,94,63,195.4710460267961,127.49999450534233,171.98530801678393,1.3031403068453074,0.10126649350974065,35.408753004808624
pc14.5k_pd3.6k_r2,14500.0,3600.0,14744.7,3683.9,2,ok,50.0,94,64,202.98908930271864,127.49999450534233,173.4366865584312,1.3532605953514576,0.10624322633043087,35.38627283457711
pc16k_pd2.4k_r0,16000.0,2400.0,16252.0,2440.5,0,ok,16.666666666666668,62,39,157.88042219355702,119.99999424006091,149.96197337620055,1.0525361479570468,0.08790009962093064,31.689776109381196
pc16k_pd2.4k_r1,16000.0,2400.0,16024.2,2331.5,1,ok,16.666666666666668,59,35,150.36232070997357,119.99999424006091,149.24387520334034,1.002415471399824,0.09085799425190776,30.598861406648865
pc16k_pd2.4k_r2,16000.0,2400.0,15956.8,2363.1,2,ok,16.666666666666668,60,36,157.88039308972657,119.99999424006091,149.8424816880215,1.0525359539315104,0.07891286849630236,30.69413998159333
pc16k_pd2.7k_r0,16000.0,2700.0,15544.7,2714.0,0,ok,33.333333333333336,70,46,165.3985382290557,127.49999450534233,156.16178472721782,1.102656921527038,0.08017204349507902,31.857840399000082
pc16k_pd2.7k_r1,16000.0,2700.0,15818.1,2644.4,1,ok,33.333333333333336,67,44,161.6395020391792,127.49999450534233,154.43240664549634,1.0775966802611947,0.07546581962377408,32.111635313279606
pc16k_pd2.7k_r2,16000.0,2700.0,15666.2,2714.5,2,ok,33.333333333333336,70,46,165.39855278097093,127.49999450534233,155.70248386822436,1.1026570185398061,0.07940829044917265,31.992617181192458
pc16k_pd3k_r0,16000.0,3000.0,16114.8,3079.3,0,ok,33.333333333333336,83,55,172.91665426455438,127.49999450534233,158.77702285203495,1.1527776950970292,0.08728711478698126,34.37894534588847
pc16k_pd3k_r1,16000.0,3000.0,15995.5,3062.5,1,ok,33.333333333333336,82,56,172.91668336838484,123.74999437270162,159.00239844149198,1.1527778891225655,0.09554816621870198,34.338365285395604
pc16k_pd3k_r2,16000.0,3000.0,16448.7,3069.0,2,ok,33.333333333333336,82,54,165.3985818848014,123.74999437270162,157.3041697520884,1.1026572125653427,0.0884867432159949,35.24297823800449
pc16k_pd3.3k_r0,16000.0,3300.0,15243.1,3381.1,0,ok,50.0,89,61,187.95288633555174,127.49999450534233,166.2684985650065,1.2530192422370117,0.09812363448330369,34.31907112409905
pc16k_pd3.3k_r1,16000.0,3300.0,16108.7,3328.0,1,ok,33.333333333333336,87,58,180.4347848519683,123.74999437270162,162.34549139417837,1.2028985656797886,0.09118266536277643,35.66165821058198
pc16k_pd3.3k_r2,16000.0,3300.0,16118.8,3325.3,2,ok,33.333333333333336,87,58,180.4347848519683,123.74999437270162,162.34549139417837,1.2028985656797886,0.09172704586496949,35.693548555946876
pc16k_pd3.6k_r0,16000.0,3600.0,16102.2,3574.2,0,ok,50.0,92,62,187.95288633555174,123.74999437270162,166.05298519048134,1.2530192422370117,0.10479018179027387,37.14663762785286
pc16k_pd3.6k_r1,16000.0,3600.0,15391.5,3592.2,1,ok,50.0,93,62,195.4709878191352,127.49999450534233,169.0451715730122,1.3031399187942345,0.0965571865299722,35.9304765889717
pc16k_pd3.6k_r2,16000.0,3600.0,15742.8,3677.8,2,ok,50.0,94,64,195.47100237105042,123.74999437270162,169.15102331866854,1.3031400158070028,0.10667529705761307,37.14539979850437
