time_s,vtk_index,droplet_in_frame,x_min_um,x_max_um,x_centroid_um,L_um,w_um,V_nL,n_cells,V1_nL,c1,V2_nL,c2,V3_nL,c3,dye_closure_err,dye_outside_frac,dye_dry_frac,core_bias_strict,asym_strict
0.2225,22269,0,4020.000109449029,6060.000043362379,5186.582421949572,2039.99993391335,600.0000212225132,669.402433900991,1140,222.66523271681424,0.3326328400379672,222.79695871286685,0.3328296215095925,223.94024247130986,0.3345375384524403,1.3224935981789664e-09,0.07937509952859115,0.0008550600229350536,0.005128200823567852,-0.0010497449147919835
0.225,22519,0,4339.999984949827,6139.999954029918,5299.47859372672,1799.9999690800905,600.0000212225132,666.527912860403,1040,221.3166172142882,0.3320440343818587,222.4337410352526,0.33372006894756845,222.77755461086224,0.3342358966705728,1.5694171776271615e-09,0.07894883891964288,0.0007502529679696806,0.007969521418834613,-0.008577138229229564
0.2275,22769,0,4539.999878033996,6220.0000975281,5404.853510785376,1680.0002194941044,600.0000212225132,668.8242798714955,980,222.96621851049036,0.3333704011961557,223.24382102985635,0.3337854616652812,222.61424033114866,0.332844137138563,2.061308288888084e-09,0.07294792779015111,0.0006984031876737853,0.008946630219333895,-0.005528742363641925
0.23,23019,0,4659.999860450625,6259.9999364465475,5491.240541611022,1600.000075995922,600.0000212225132,664.7218947646278,940,222.27403091827543,0.3343865045952499,221.73230306046477,0.3335715354147891,220.7155607858877,0.3320419599899611,5.451767593914821e-10,0.07690629718406596,0.0005837740587265794,0.009177874281070586,-0.0023297638791096587
0.2325,23269,0,4780.000075697899,6340.00007994473,5571.117070702748,1560.000004246831,600.0000212225132,664.7083117813223,900,221.567383863235,0.3333302441629869,222.3591236830265,0.33452135281283923,220.78180423506095,0.332148403024174,3.012907351612001e-10,0.07286449730636645,0.0004799100158578863,0.006783218815220093,-0.005351093794448314
0.235,23519,0,4859.9999863654375,6419.999990612268,5645.276708421235,1560.000004246831,600.0000212225132,670.0423278718702,920,223.78824439457983,0.33399120486217115,223.61103411542337,0.3337267286167385,222.643049361867,0.3322820665210904,6.760734238634023e-10,0.06825985769878792,0.0005415436365681565,0.005958918375557842,-0.0014647294627163077
0.2375,23769,0,4940.00012986362,6460.00006236136,5722.403467237823,1519.9999324977398,640.0000202120282,664.6919938566919,900,221.88717007759,0.33381953164525263,222.4274986246725,0.33463243228506234,220.37732515442934,0.331548036069685,1.2805352223974319e-09,0.07567696149484117,0.0004308130610395742,0.002206050542627125,-0.004015300079232342
0.24,24019,0,5060.00011228025,6539.999973028898,5801.225706328695,1479.9998607486486,640.0000202120282,669.5291201370959,880,223.4370665896634,0.33372270132763066,223.6708013553706,0.33407180453864455,222.4212521920619,0.3322054941337247,5.840101335144307e-10,0.06719492616729585,0.00035925774418279485,-0.00012737059344525292,-0.0013979014049972927
0.2425,24269,0,5140.000022947788,6619.999883696437,5877.210290153998,1479.9998607486486,640.0000202120282,668.4307862114441,880,222.43352014690603,0.3327697118913728,223.5472752800867,0.334435935464786,222.44999078445136,0.3327943526438412,8.917164636917395e-10,0.06886791403781865,0.0002897130883829795,-0.0004499107754509235,0.0008287954742672854
0.245,24519,0,5260.000005364418,6700.000027194619,5954.479005016222,1440.0000218302011,640.0000202120282,669.2344589988254,840,222.95286941419766,0.333146129007964,223.52530255067765,0.33400148415111713,222.7562870339501,0.33285238684091883,1.1524830971206185e-09,0.0632144384849553,0.0002512016073841711,-0.0022865016525013826,0.0026595218330245363
0.42,42019,0,4500.000039115548,6019.999971613288,5321.826682502952,1519.9999324977398,640.0000202120282,616.4220558458372,900,183.8180767509765,0.2982016542200886,166.19082184093537,0.26960557342954405,266.41315725392525,0.4321927723503672,6.613823162501402e-10,0.0768661677845827,0.0009304944961386116,-0.09187155033937139,-0.20412200819073745
0.4225,42269,0,4740.000003948808,6100.00011511147,5410.9248378206585,1360.0001111626625,640.0000202120282,617.9270857013782,820,184.69188896013495,0.29888945351942353,166.5311741896642,0.26949971613664253,266.70402255157904,0.4316108303439339,5.53672178339544e-10,0.06926703213488843,0.00046541701791223434,-0.09340163197418733,-0.20273076375730065
0.425,42519,0,4859.9999863654375,6139.999954029918,5487.956082343022,1279.9999676644802,640.0000202120282,615.8770130677024,780,184.32504077715248,0.2992887165231639,165.64669198350975,0.26896066660844914,265.9052803070401,0.4317506168683869,1.154581541193043e-09,0.06963910552096271,0.0003938259711161116,-0.09389767566011692,-0.19638699152285877
0.4275,42769,0,4940.00012986362,6220.0000975281,5561.764023320605,1279.9999676644802,640.0000202120282,614.9666333128117,780,184.66397544021675,0.30028291851451516,165.12823388062307,0.26851576156429974,265.1744239919718,0.43120131992118504,1.110746944497397e-09,0.07109121191370321,0.0004001929339588818,-0.09630804061594944,-0.2032659656320034
0.43,43019,0,4979.999968782067,6300.000008195639,5632.804106754041,1320.0000394135714,640.0000202120282,613.5339499575833,800,183.81629181819196,0.29960247812024104,165.42941828916773,0.26963368253803177,264.2882398502237,0.43076383934172713,1.185259958191873e-10,0.07453310205502071,0.00041136157405812846,-0.09508906890548546,-0.19868469293433028
0.4325,43269,0,5060.00011228025,6379.999918863177,5702.950910645122,1319.9998065829277,680.0000192015432,613.0564865948317,800,183.57596529435722,0.2994438021755773,164.48736892928048,0.2683070361801587,264.99315237119396,0.43224916164426397,1.0986501586288367e-09,0.07535840766356278,0.00037295653512760957,-0.09435420597661964,-0.1986703856214404
0.435,43519,0,5140.000022947788,6419.999990612268,5773.293994426919,1279.9999676644802,640.0000202120282,609.5901343165759,780,181.65302048894839,0.2979920609978429,163.3819827562144,0.2680194011659741,264.55513107141314,0.4339885378361829,5.240893436789007e-10,0.07942697086515468,0.00030672443461342335,-0.0954972148947772,-0.19899307237911246
0.4375,43769,0,5219.999933615327,6499.999901279807,5846.178578884877,1279.9999676644802,640.0000202120282,610.6577373544657,780,181.7962612015224,0.29770565421657136,163.99705148536088,0.26855805053063014,264.8644246675824,0.4337362952527985,1.1634769638489635e-09,0.07796127203477442,0.000346642390641031,-0.09683488745472196,-0.19866233629033714
0.44,44019,0,5260.000005364418,6580.000044777989,5918.023896006669,1320.0000394135714,680.0000192015432,614.835294749522,800,184.13038353411005,0.2994792021644154,165.38238904285458,0.2689864919193193,265.32252217255734,0.43153430591626524,4.0909876048586125e-10,0.07297202481498315,0.00033821644626275626,-0.09731811442691612,-0.19720269080894498
0.4425,44269,0,5339.999916031957,6659.999955445528,5990.181267239832,1320.0000394135714,680.0000192015432,616.6276371239633,800,184.2585409824493,0.29881654646855704,166.63571809203174,0.270237187014912,265.7333780494822,0.43094626651653095,1.0942201193879704e-09,0.06998183796209212,0.0003392979832490344,-0.09869404994762276,-0.1983729057075097
0.445,44519,0,5379.999987781048,6739.999866113067,6058.664138688495,1359.9998783320189,680.0000192015432,615.9352277607237,780,183.98560624206831,0.2987093414204624,165.90035832304434,0.2693470852871768,266.04926319561105,0.4319435732923607,3.2514285818593605e-10,0.06572622017756237,0.00044565882396959783,-0.09656170996307484,-0.20154961039962882
0.5575,55769,0,3060.000017285347,5020.000040531158,4204.295872644096,1960.0000232458115,640.000005660113,633.4381454678432,1120,201.71635102616526,0.31844680095352024,208.15743409409828,0.32861524930797753,223.5643603475797,0.3529379497385022,6.547987707406075e-10,0.07743641636099219,0.0006736091599470277,-0.027220487696647033,-0.13511140424357088
0.56,56019,0,3339.999937452376,5099.999951198697,4304.336475212139,1760.0000137463212,640.000005660113,629.4922958008354,1020,201.52514125183637,0.3201391702426756,206.02024643431983,0.32728001249359595,221.94690811467927,0.3525808172637285,3.020499457602399e-10,0.08381045406949637,0.0006231714565482272,-0.019638333090618465,-0.12302072663553348
0.5625,56269,0,3580.0000187009573,5140.000022947788,4401.692753158333,1560.000004246831,680.000004649628,630.878332156539,900,202.0092107668218,0.32020312074483726,207.08354671209165,0.32824640847025993,221.78557467762565,0.35155047078490287,1.7189171409788463e-10,0.07979043571644218,0.0004895862235073564,-0.016226870266591087,-0.11313923812018317
0.565,56519,0,3739.9999564513564,5219.999933615327,4489.927475103478,1479.9999771639705,680.000004649628,632.1708026445681,880,202.37748605489998,0.32013102346437333,208.1893674774233,0.32932455375430514,221.60394911224486,0.35054442278132153,1.8220732548379061e-09,0.07894358146574784,0.0004552600808406611,-0.0095780259317374,-0.10196006767689958
0.5675,56769,0,3859.999938867986,5260.000005364418,4568.642241228857,1400.0000664964318,640.0000202120282,629.5942266042161,840,201.12886319545362,0.3194579217796575,207.82897052961707,0.3300998671010134,220.6363928791455,0.35044221111932916,1.1177135809483416e-09,0.08061020980831818,0.00034121997802416635,-0.011342079888731205,-0.09584700262199602
0.57,57019,0,3980.000037699938,5339.999916031957,4647.14037928427,1359.9998783320189,640.0000202120282,634.7920621722856,800,203.16165987882684,0.32004442397026667,209.50874873997859,0.3300431136820311,222.12165355348014,0.34991246234770224,7.213035428186477e-10,0.07240314934638642,0.00016796406680988235,-0.00397424830055515,-0.09185952422994842
0.5725,57269,0,4059.9999483674765,5420.000059530139,4721.566659540938,1360.0001111626625,640.0000202120282,630.6865815674323,820,202.5147725356016,0.32110207899507837,207.43393071526523,0.3289017663888361,220.73787831656549,0.3499961546160856,6.832856260866828e-10,0.07997496835801648,0.00021514468651980358,-0.0014144924956215332,-0.08414590092029339
0.575,57519,0,4100.000020116568,5459.9998984485865,4792.160783964065,1359.9998783320189,680.000004649628,630.0650925811306,820,203.41203713862276,0.3228428927959222,206.40201843652903,0.3275884045424268,220.25103700597873,0.34956870266165085,2.140161234173999e-09,0.07902504328544642,0.00033000015579149873,-0.004471066233437626,-0.08619093522365762
0.5775,57769,0,4179.999930784106,5540.000041946769,4864.78215318414,1360.0001111626625,720.000003639143,630.6617842646415,820,205.1074212309691,0.32522570155432295,206.7455403398393,0.32782316211042795,218.8088226938331,0.34695113633524916,1.8619290632298729e-09,0.07898698510015735,0.0003014150641767885,-0.0036280822398876422,-0.07965617740176312
0.58,58019,0,4260.000074282289,5619.999952614307,4937.048005280068,1359.9998783320189,720.000003639143,634.375081940645,820,206.95124253831347,0.3262285175281786,207.98982268524642,0.3278656879916776,219.43401671708511,0.34590579448014375,1.533310843390657e-09,0.07429045212438262,0.0003091673667262883,-0.002644605137902989,-0.07678618143613308
0.5825,58269,0,4339.999984949827,5699.999863281846,5006.516841954673,1359.9998783320189,720.000003639143,637.332760122794,800,208.36464123294945,0.3269322625009958,207.8411613860695,0.3261109021698886,221.12695750377492,0.3469568353291156,1.6563826476446264e-09,0.06756258594102763,0.0002761216127180425,-0.006198586943052364,-0.07045070914025192
0.585,58519,0,4419.999895617366,5739.999935030937,5075.5165483493465,1320.0000394135714,720.000003639143,638.6417082846355,780,208.7959923036058,0.3269376077306679,208.76558977593635,0.3268900027476625,221.08012620509336,0.3461723895216697,1.0818162687316263e-09,0.06294269322992517,0.00029763566692049163,-0.004532899821856229,-0.06731691989814681
0.5875,58769,0,4500.000039115548,5820.0000785291195,5150.457146283246,1320.0000394135714,720.000003639143,640.3332093769858,800,209.23242133175788,0.32675553644223954,209.8144188366239,0.3276644343353104,221.28636920860393,0.34558002922244996,1.7931500774404415e-10,0.06475665070006276,0.0002388635180084639,-0.007811351732356531,-0.06019305654060647
0.59,59019,0,4539.999878033996,5899.999989196658,5222.163945292404,1360.0001111626625,680.0000192015432,640.682833545719,820,210.52160233006248,0.3285894225774346,209.57175033672732,0.3271068606238414,220.5894808789292,0.3443037167987239,1.1992030765963472e-09,0.06499311642353199,0.0002834839176088546,-0.008201367996877651,-0.056233451441755344
0.5925,59269,0,4620.000021532178,5940.000060945749,5291.899728885625,1320.0000394135714,680.0000192015432,641.438911446831,800,210.70501526292347,0.32848804695626715,209.7133549109644,0.32694205351205546,221.02054127294303,0.3445698995316774,8.444504926225413e-10,0.061266843201862674,0.00023952814597298994,-0.006311456960923334,-0.05539816151175786
0.595,59519,0,4699.999932199717,6019.999971613288,5364.587171828191,1320.0000394135714,680.0000192015432,643.0835955539548,800,212.07303243146058,0.3297752172464919,209.44194363455767,0.32568385367402125,221.5686194879366,0.3445409290794869,1.3636190643326362e-10,0.05926149284070442,0.00029353105029215654,-0.008507893194403038,-0.054299090152297
0.5975,59769,0,4780.000075697899,6100.00011511147,5438.066394442251,1320.0000394135714,680.0000192015432,641.1459112549957,780,211.20453267107328,0.32941726518641606,208.60751794949167,0.32536668219743914,221.3338606344307,0.3452160526161448,1.0053790363978964e-09,0.061746420779020685,0.0002706603078524115,-0.010326638418565681,-0.04900472086360397
0.6,60019,0,4859.9999863654375,6180.000025779009,5510.431360892013,1320.0000394135714,680.0000192015432,640.5852980294324,800,211.2215439958882,0.3297321131871862,208.35121385710215,0.32525132015678765,221.01254017644195,0.34501656665602604,9.927602509673495e-10,0.06340437118983848,0.00021076375891847409,-0.015024548922066616,-0.04476825144028024
0.6025,60269,0,4940.00012986362,6259.9999364465475,5583.066967163596,1319.9998065829277,680.0000192015432,639.2999236068672,800,210.7912675152525,0.32972202831808417,207.85560403363044,0.32513003108295335,220.6530520579842,0.3451479405989624,3.517457232416013e-10,0.06529045798202321,0.00023868226579231471,-0.021406344410610123,-0.04252801327178424
0.605,60519,0,5020.000040531158,6340.00007994473,5655.412311960953,1320.0000394135714,680.0000192015432,637.4603629780944,800,210.96641490889016,0.33094828660921743,206.61651107327012,0.32412448376867986,219.87743699593415,0.3449272296221028,9.555925065965743e-10,0.06758181905878419,0.00028239549366056426,-0.023724329777045472,-0.04570807880426753
0.6075,60769,0,5060.00011228025,6379.999918863177,5725.017221335816,1319.9998065829277,680.0000192015432,638.1190167648069,800,211.7125336652992,0.3317759353712077,206.62269378276994,0.3237996178680338,219.78378931673777,0.34442444676075845,2.405326046472562e-10,0.06479676442910273,0.00031751582541863593,-0.02816065590123118,-0.045273715386149105
0.61,61019,0,5140.000022947788,6460.00006236136,5797.040052902443,1320.0000394135714,680.0000192015432,640.2201444020989,800,212.72169993670875,0.33226336565115333,207.52444594303432,0.32414544865163725,219.97399852235583,0.3435911856972095,2.1761597978194607e-10,0.06095101219363827,0.0003437258115757056,-0.03014296529758098,-0.04481278351275708
0.6125,61269,0,5219.999933615327,6539.999973028898,5869.012181176749,1320.0000394135714,680.0000192015432,642.1066221082299,800,213.31937562778776,0.3322179966426695,208.6830886678085,0.3249975650190913,220.10415781263364,0.3427844383382393,7.843320139508869e-11,0.05718847513885762,0.00031787965481020397,-0.03217282124608334,-0.042810437231565246
0.615,61519,0,5300.000077113509,6619.999883696437,5940.9063711581275,1319.9998065829277,680.0000192015432,640.5251965293369,800,212.16629388618443,0.3312380137983642,208.79811981258786,0.32597955700096276,219.56078283056456,0.342782429200673,2.1682902210669028e-10,0.058154864663148925,0.0003464052427016159,-0.03231516405320062,-0.04212991365850277
0.6175,61769,0,5379.999987781048,6700.000027194619,6011.644101247676,1320.0000394135714,680.0000192015432,640.5601360571325,780,212.40687272957683,0.33159552206450754,208.65271362286123,0.325734777857377,219.5005497046944,0.3426697000781155,1.5364115372339314e-10,0.05525071378357512,0.0003334263392828482,-0.03651440732234268,-0.0355712929716987
0.765,76519,0,4020.000109449029,5660.000024363399,4947.108467731028,1639.9999149143696,600.0000212225132,544.7828957197042,940,176.99110917345925,0.32488374830424704,203.06316328058108,0.3727414441165916,164.72862326566394,0.30237480757916146,1.0686657238552807e-09,0.07362937214982428,0.0012596083034001602,0.07851190135023928,-0.024780049996460496
0.7675,76769,0,4299.999913200736,5739.999935030937,5050.93558456774,1440.0000218302011,600.0000212225132,543.6944061842519,840,176.80308874291123,0.3251883534792055,202.67465429101242,0.37277310927920104,164.2166631503282,0.3020385372415935,7.563942400043452e-11,0.07140050305893447,0.0009696665623921385,0.07426412020259182,-0.022575343477912624
0.77,77019,0,4500.000039115548,5780.000006780028,5145.841197912361,1279.9999676644802,600.0000212225132,542.8852402682674,780,176.72518304943412,0.325529540943322,201.9713124609377,0.37203316185412105,164.18874475789548,0.3024372972025569,1.4168610946144691e-09,0.0701739754310286,0.000770465601171432,0.07484465115773198,-0.024676849635251574
0.7725,77269,0,4620.000021532178,5860.000150278211,5230.226528482328,1240.0001287460327,600.0000212225132,541.8902477958435,760,177.21586500491566,0.3270327630470322,201.70041775080213,0.3722163640538379,162.97396504012568,0.3007508728991298,7.749103786967703e-10,0.07067269858510217,0.0007197195133365556,0.07125226838351695,-0.02474121280070063
0.775,77519,0,4699.999932199717,5940.000060945749,5309.723393978303,1240.0001287460327,600.0000212225132,541.8608514886198,760,177.31264275962744,0.3272291073852405,201.3547184119995,0.3715985715868392,163.19349031699278,0.30117232102792024,3.5571622338249264e-10,0.07023769864459291,0.0008268499446964615,0.07313809549803946,-0.030297891836688073
0.7775,77769,0,4780.000075697899,5980.00013269484,5387.874729537253,1200.0000569969416,640.0000202120282,539.6836674655005,720,176.85398446721612,0.32769934524379796,199.9089604733307,0.3704187703366249,162.92072252495376,0.3018818844195772,1.6908985044666202e-09,0.07109166214882262,0.0005791731907146779,0.06799900902951955,-0.025341257213813417
0.78,78019,0,4900.000058114529,6060.000043362379,5464.695969147076,1159.9999852478504,640.0000202120282,541.228293365936,720,179.2488054006876,0.33118890419775904,198.91618755715612,0.3675273262602046,163.06330040809235,0.30128376954203645,7.195464690046449e-10,0.06816609751310117,0.0005200116796141358,0.07399446411053007,-0.0346816929976968
0.7825,78269,0,4979.999968782067,6139.999954029918,5540.472216879588,1159.9999852478504,640.0000202120282,544.409107918169,720,180.16321791240196,0.33093351175065683,200.464166139495,0.36822338793352277,163.78172386627196,0.3008431003158203,1.9173451148697344e-09,0.06245666487902644,0.000519090234985524,0.07041145439201929,-0.028041840681219454
0.785,78519,0,5060.00011228025,6180.000025779009,5614.317575924055,1119.9999134987593,640.0000202120282,539.2885743701916,700,177.86913184391244,0.32982180653769083,198.94974206814481,0.3689114724903793,162.46970045813435,0.30126672097192986,4.53701612833187e-10,0.06974121661391984,0.0004760951977347123,0.06617294393511874,-0.03204490912912433
0.7875,78769,0,5140.000022947788,6259.9999364465475,5688.6792239925235,1119.9999134987593,640.0000202120282,539.3062726228237,700,178.4226888719481,0.33083740710861737,198.52038954905476,0.3681032460156357,162.36319420182073,0.3010593468757468,1.9754190751900546e-09,0.06968789307391163,0.0004625414303923283,0.0700896932702385,-0.031047621046828067
0.79,79019,0,5219.999933615327,6340.00007994473,5762.409846971012,1120.000146329403,680.0000192015432,538.9095479008286,700,177.95279916804031,0.33020903018179154,198.14807860424764,0.3676833698272337,162.80867012854057,0.30210759999097475,2.05437521615286e-09,0.07046633208986536,0.0003260700828774008,0.0672309523874361,-0.029680868134579375
0.7925,79269,0,5260.000005364418,6419.999990612268,5835.0413759211815,1159.9999852478504,680.0000192015432,540.0445458627311,720,178.71433748414282,0.3309251780307185,198.2186202239011,0.3670412408429072,163.11158815468715,0.3020335811263743,1.618567607433502e-09,0.0694667731857205,0.00034367477188590776,0.06708583049223699,-0.031411311703347045
0.795,79519,0,5339.999916031957,6499.999901279807,5908.093815649141,1159.9999852478504,680.0000192015432,540.3146723163867,720,178.5366033752675,0.3304307888028693,198.71269649716515,0.3677721644042398,163.0653724439541,0.30179704679289093,6.007297307508941e-10,0.06891841990137174,0.0002463773029942254,0.06517831754498737,-0.02972712333393024
0.7975,79769,0,5420.000059530139,6539.999973028898,5980.093500467771,1119.9999134987593,680.0000192015432,539.1263144484033,700,178.4333444952171,0.33096760390517715,198.04032598883362,0.36733567010442586,162.65264396435256,0.30169672599039704,6.920851602494856e-10,0.06933966836110433,0.00015653173767671307,0.06120693499445745,-0.03112040722478382
0.8,80019,0,5499.999970197678,6619.999883696437,6052.867800662065,1119.9999134987593,680.0000192015432,539.5778726679713,700,178.638555276637,0.33107094327895475,198.45490078827845,0.3677965884831557,162.48441660305582,0.3011324682378894,3.8138886278757607e-10,0.0682981667768577,0.00016159065260291155,0.05720305887851257,-0.027331098475211146
0.8025,80269,0,5579.999880865216,6739.999866113067,6123.640113620392,1159.9999852478504,680.0000192015432,540.1151273801405,680,179.19575689088404,0.3317732605640641,198.75930382234202,0.3679943288876863,162.16006666691447,0.3002324105482496,1.4602711605165482e-09,0.0631608724679831,0.00013279426430478166,0.053100799302710056,-0.02439061646007107
0.9075,90769,0,3700.000001117587,4940.00012986362,4349.55352750366,1240.0001287460327,600.0000212225132,504.26640725164526,760,144.95793988850238,0.28746301122565887,170.8855695049702,0.33887954273284115,188.42289785817272,0.37365744604150003,2.1150490218390142e-09,0.07597429528448452,0.0007129128221163213,0.00019380549729075547,-0.1489687266911024
0.91,91019,0,3859.999938867986,4979.999968782067,4433.355710326957,1120.000029914081,600.0000212225132,500.37976772834156,700,145.2072654941101,0.29019411826607616,168.49933165507773,0.33674289514150935,186.6731705791538,0.37306298659241455,2.0852832379188698e-10,0.07920112454435235,0.00057649879108066,0.002176426376041707,-0.14703508617379668
0.9125,91269,0,3980.000037699938,5060.00011228025,4513.720511987908,1080.0000745803118,640.0000202120282,503.997199137772,660,145.9354340062063,0.2895560416920364,170.58943487493462,0.3384729819268351,187.47233025663112,0.3719709763811285,7.946599265648712e-10,0.06905783792613295,0.0003742910912685793,0.00020247572332993125,-0.13871824854206155
0.915,91519,0,4059.9999483674765,5140.000022947788,4587.897216816341,1080.0000745803118,640.0000202120282,502.3685097140213,680,146.21848964336016,0.2910582307927633,170.10452493320136,0.3386050710663278,186.04549513745974,0.37033669814090886,3.287304327851726e-10,0.07322586892133774,0.000394709261793728,0.00021386849391391571,-0.1415860743158392
0.9175,91769,0,4140.000091865659,5180.000094696879,4660.293173007933,1040.0000028312206,640.0000202120282,499.7750707376732,660,145.62836746212557,0.29138781821825677,168.94712934301282,0.33804633171007326,185.1995739325349,0.37056585007167,3.3556235422945386e-11,0.07606714111088714,0.0004143069468613643,0.0039111305648450445,-0.1442388221803126
0.92,92019,0,4220.000002533197,5260.000005364418,4732.087266944446,1040.0000028312206,680.0000192015432,500.46496085038945,660,145.24565493083765,0.2902214266589941,169.00897308892266,0.33770390798537187,186.21033283062917,0.37207466535563405,1.627483955986168e-09,0.0742091592133222,0.00036892440201467184,0.005679341148499106,-0.13675701269662732
0.9225,92269,0,4299.999913200736,5339.999916031957,4803.24768789707,1040.0000028312206,680.0000192015432,498.795968884472,660,145.2030637429674,0.29110713157467083,167.48242798869055,0.33577341926650933,186.11047715281398,0.3731194491588198,1.7059722299309044e-09,0.07661727306136049,0.000356026165656199,0.006100251734353079,-0.12638343532683483
0.925,92519,0,4339.999984949827,5420.000059530139,4872.703844147069,1080.0000745803118,680.0000192015432,502.3979039296761,680,146.86396882767565,0.29232599833504314,169.62743854125847,0.33763564141979846,185.90649656074197,0.3700383602451584,1.684252083378791e-09,0.07091399937837921,0.0003990992661586165,0.0064648279834329525,-0.12677134531520556
0.9275,92769,0,4419.999895617366,5499.999970197678,4944.226120903212,1080.0000745803118,680.0000192015432,498.1130033336435,680,145.46188025032023,0.29202586416497883,167.7232694443999,0.3367173077633076,184.92785363892344,0.3712568280717137,1.1921464648915576e-10,0.07868093655240828,0.0003355432038863889,0.005581097207202235,-0.12237323827600194
0.93,93019,0,4539.999878033996,5540.000041946769,5015.51376123981,1000.0001639127731,680.0000192015432,498.19405661501406,640,145.8097646152285,0.2926766441292672,167.42502794217987,0.3360638805684503,184.95926405760574,0.3712594753022824,5.455636270227013e-10,0.0765460018424586,0.00021137619719045888,0.009735472938128431,-0.12177033330747389
0.9325,93269,0,4579.999949783087,5619.999952614307,5086.042803693565,1040.0000028312206,680.0000192015432,498.34477400680635,660,145.96943058247055,0.29290852075931856,167.79218839494587,0.3366990026721022,184.58315502938999,0.3703924765685793,1.025488145565278e-10,0.0772533838801478,0.0003307514330323999,0.0063562230401740805,-0.12563736973542805
0.935,93519,0,4659.999860450625,5699.999863281846,5154.753373566333,1040.0000028312206,680.0000192015432,498.12289919380186,640,146.32152611112662,0.2937458333032751,167.22588897475185,0.33571210888999947,184.57548410792333,0.37054205780672533,1.887710921701746e-10,0.07630555711492382,0.0002690343355910212,0.006339050945381286,-0.13124177371316725
0.9375,93769,0,4699.999932199717,5739.999935030937,5222.518027123826,1040.0000028312206,680.0000192015432,498.36409647219534,640,146.9937465804004,0.2949525208997504,167.19241436295803,0.3354824626141302,184.1779355288369,0.3695650164861195,2.415874602177693e-10,0.07444956336226966,0.00028626141030879893,0.008592962927977787,-0.13772360592602723
0.94,94019,0,4780.000075697899,5820.0000785291195,5295.141635817656,1040.0000028312206,680.0000192015432,498.4661416195566,640,147.1910063421278,0.29528787223921044,166.74627725110153,0.3345187633192687,184.52885802632727,0.3701933644415209,1.178423298350303e-09,0.07564521172847888,0.0002555342554549492,0.010368873300044268,-0.1382754788511536
0.9425,94269,0,4859.9999863654375,5899.999989196658,5364.789447553472,1040.0000028312206,680.0000192015432,498.77461774947494,660,147.6346012203688,0.29599461553699763,166.48942731591768,0.3337969122549499,184.6505892131885,0.37020847220805253,8.12510398640545e-11,0.07619292019321601,0.00033135907844542196,0.013728443656146172,-0.1404112190452969
0.945,94519,0,4900.000058114529,5980.00013269484,5434.802670210881,1080.0000745803118,680.0000192015432,499.4881015760577,680,148.32220390090765,0.29694842266091986,166.6114313863536,0.3335643649180769,184.5544662887965,0.36948721242100324,8.33741740952925e-12,0.07556023583552782,0.00047311377672036256,0.014935886522040476,-0.14628245739414392
0.9475,94769,0,4979.999968782067,6060.000043362379,5505.503200180164,1080.0000745803118,680.0000192015432,499.3454767154098,680,148.3854913331455,0.29715997891719026,166.5090734647661,0.333454654601115,184.45091191749822,0.3693853664816948,5.849454848492529e-11,0.07587526322280352,0.00038675805071961174,0.016037820113880774,-0.14506921413916685
0.95,95019,0,5060.00011228025,6100.00011511147,5575.373525059708,1040.0000028312206,680.0000192015432,500.0022711807498,660,148.56145329027257,0.2971215569470242,166.55790616633803,0.3331142992071084,184.88291172413915,0.36976414384586737,1.2671844860096145e-09,0.07331340151164233,0.0003046163291086637,0.018889479019561672,-0.1527786747309951
0.9525,95269,0,5140.000022947788,6180.000025779009,5646.774726671743,1040.0000028312206,680.0000192015432,501.293300349123,660,149.14254509521385,0.2975155362965041,166.89228265228934,0.3329234253401315,185.25847260161987,0.36956103836336457,1.1890317141629504e-09,0.07084336213624973,0.0003344050198078042,0.017814787659477527,-0.14755477657971705
0.955,95519,0,5219.999933615327,6259.9999364465475,5718.350679496837,1040.0000028312206,680.0000192015432,496.8686797053978,660,146.62548633864202,0.29509907210407954,165.7735832339826,0.33363661266045724,184.4696101327732,0.37126431523546316,1.4989107090473677e-09,0.0789300768593243,0.00028483915553948017,0.011442993985435523,-0.14385505160621276
0.9575,95769,0,5260.000005364418,6340.00007994473,5789.288873036211,1080.0000745803118,680.0000192015432,496.5557096108284,680,146.7297336733263,0.2954950085828729,165.8647449809241,0.3340304859467214,183.96123095657802,0.3704745054704057,1.78012992800889e-09,0.08024939273286778,0.00040829449025511994,0.012608137618858262,-0.14646651808848998
0.96,96019,0,5339.999916031957,6379.999918863177,5859.662296525905,1040.0000028312206,680.0000192015432,496.99619701995556,660,147.34542914252634,0.2964719449082828,166.16878351168066,0.3343461871701376,183.48198436574847,0.36918186792157937,3.8136979607490473e-10,0.07789716624384758,0.00029292567704835497,0.01462691426574697,-0.14779176949947564
0.9625,96269,0,5420.000059530139,6460.00006236136,5930.954655195577,1040.0000028312206,680.0000192015432,497.18473465649697,660,147.06772649620672,0.2958009694280241,166.3424049525222,0.3345686087233703,183.77460320776805,0.3696304218486057,2.505588210268449e-09,0.07705718057730768,0.0002836918985082555,0.015286024229725192,-0.14099779558982206
0.965,96519,0,5459.9998984485865,6539.999973028898,6001.233575304447,1080.0000745803118,680.0000192015432,498.97842999457606,680,147.7445256237682,0.29609401277200337,166.8893607181011,0.3344620742822795,184.3445436527067,0.369443912945717,8.224395693233925e-10,0.07455450745280426,0.00037017357521479535,0.014101447800033806,-0.13424256087083364
0.9675,96769,0,5540.000041946769,6619.999883696437,6073.241216171837,1079.9998417496681,680.0000192015432,498.1710995489782,680,148.0153758453249,0.2971175485276673,166.12602220123674,0.33347181791886316,184.02970150241657,0.3694106335534695,1.7525353422455151e-09,0.07571434273823904,0.000391731639179233,0.01771606733077319,-0.1385106569584218
0.97,97019,0,5619.999952614307,6700.000027194619,6144.7580278608375,1080.0000745803118,680.0000192015432,498.5848303197854,660,148.222642288716,0.29728670684514824,166.21097900297946,0.3333654954892511,184.15120902808994,0.36934779766560066,1.1537909257482387e-09,0.0722604005309965,0.00030266638207183,0.022893480216888806,-0.14333573343277317
1.0875,108769,0,4500.000039115548,5660.000024363399,5103.748586521038,1159.9999852478504,600.0000212225132,453.0434422032204,720,122.37500073431718,0.2701175854995022,163.69317864087827,0.3613189451431258,166.97526282802494,0.368563469357372,1.0210919224201379e-09,0.07909197541256235,0.0008774746750005052,0.0566455875262748,-0.16391560689925122
1.09,109019,0,4659.999860450625,5699.999863281846,5186.842889616781,1040.0000028312206,600.0000212225132,450.00697184188664,640,121.67182442928122,0.27037764310911955,162.4136121926331,0.3609135465787814,165.9215352199723,0.3687088103120991,1.4113366727627785e-10,0.07895875654926593,0.0006476684360318033,0.06560652215702018,-0.17855092367547143
1.0925,109269,0,4780.000075697899,5780.000006780028,5270.117506871229,999.9999310821295,640.0000202120282,452.49702627794426,620,122.61379314801871,0.2709714893743937,162.7847557645443,0.3597476807826677,167.0984773653812,0.36928082984293853,2.241263802827759e-09,0.07313601475804574,0.0005238279501627786,0.07673339806291024,-0.16964627212406286
1.095,109519,0,4859.9999863654375,5860.000150278211,5345.5541651081585,1000.0001639127731,640.0000202120282,451.77418997415833,640,122.311461048953,0.2707358316683591,162.36545203117944,0.35939514836043823,167.09727689402587,0.3698690199712027,1.8957372827695043e-09,0.07619828784945178,0.0005327703350398741,0.07304891554518772,-0.17366784959059212
1.0975,109769,0,4940.00012986362,5899.999989196658,5419.333682675795,959.9998593330383,640.0000202120282,450.03253666301674,620,122.82639772862686,0.27292781681827366,160.33384759126488,0.3562716793326489,166.872291343125,0.37080050384907737,8.761243843486683e-10,0.0776150471152358,0.0004656770599290217,0.0688950996535258,-0.16791937179485855
1.1,110019,0,5020.000040531158,5980.00013269484,5493.51858823902,960.000092163682,680.0000192015432,450.47822752302403,620,122.44909712806698,0.2718202338021066,161.07410524899612,0.357562464527242,166.95502514596095,0.37061730167065143,1.5287239692137886e-09,0.07599606591048585,0.0005254125760160072,0.0623656382915021,-0.16750163829647796
1.1025,110269,0,5099.999951198697,6060.000043362379,5566.643263039427,960.000092163682,680.0000192015432,449.7472782526583,620,121.73165670802729,0.2706668002104975,161.05723255590132,0.3581060749975742,166.9583889887297,0.3712271247919283,2.0937845184779886e-09,0.07709353598352241,0.00045425988701513657,0.06128608812283054,-0.1712754330445945
1.105,110519,0,5180.000094696879,6139.999954029918,5639.064339301731,959.9998593330383,680.0000192015432,451.3836436604035,620,122.2294957553459,0.27078849105862757,162.07282101171467,0.359057806564319,167.08132689334292,0.3701537023770534,5.027782830570469e-10,0.07343723977869743,0.0004036268328335442,0.060423775517344736,-0.17235923814790038
1.1075,110769,0,5260.000005364418,6220.0000975281,5711.229891383213,960.000092163682,680.0000192015432,449.830792673638,620,121.69919314803462,0.27054438053183705,161.43035016455875,0.35886905208305736,166.70124936104455,0.3705865673851055,8.640957453851726e-10,0.0759621211907883,0.0004262551616509747,0.059780341105317825,-0.17273421664275732
1.11,111019,0,5300.000077113509,6259.9999364465475,5781.1451356820135,959.9998593330383,680.0000192015432,450.011051761231,620,122.38780131023724,0.27196621245465397,161.1796032286899,0.35816809964527124,166.44364722230384,0.36986568790007474,2.4043208595601375e-09,0.07489471227921186,0.0003883095988991769,0.05757131528459175,-0.1701463026179281
1.1125,111269,0,5379.999987781048,6340.00007994473,5852.782461869027,960.000092163682,680.0000192015432,450.349370176513,620,122.29286108409923,0.2715510871840832,161.53703746139405,0.3586927131664026,166.5194716310197,0.36975619964951423,4.036092794498171e-11,0.0734997589961597,0.0002745537325124214,0.05203769739381581,-0.1584589814914306
1.115,111519,0,5459.9998984485865,6419.999990612268,5924.313099127028,960.000092163682,680.0000192015432,450.96459374562266,620,122.83508231650136,0.2723829853165577,162.10659842268825,0.3594663542790863,166.02291300643313,0.368150660404356,5.205215675149115e-11,0.07161653657434704,0.00028597071481227564,0.058112289383704,-0.15056490717415916
1.1175,111769,0,5540.000041946769,6499.999901279807,5996.271994535995,959.9998593330383,680.0000192015432,446.2341434140279,620,120.22992052290353,0.2694323648187337,160.78820034096196,0.3603224959677243,165.21602255016245,0.370245139213542,8.715566870856843e-10,0.08094572956429005,0.0003489730213034699,0.06160265705224732,-0.1548531951627258
1.12,112019,0,5579.999880865216,6539.999973028898,6067.3213628784,960.000092163682,680.0000192015432,447.2712514090874,620,121.47592407520499,0.27159340935172144,160.54616332712888,0.3589458585172706,165.24916400675352,0.3694607321310079,4.92001127913403e-10,0.07782222574837105,0.0002930340610129719,0.05502587594220665,-0.16101016365908877
1.1225,112269,0,5660.000024363399,6619.999883696437,6140.239822403794,959.9998593330383,680.0000192015432,448.66476348098195,620,122.33236152833152,0.27265872313932443,160.76885612878667,0.3583273508743045,165.56354582386373,0.36901392598637106,5.722465977164405e-10,0.07476924237070139,0.00022391982697321153,0.05725750313139627,-0.16312074277490463
1.125,112519,0,5739.999935030937,6739.999866113067,6211.390947169461,999.9999310821295,680.0000192015432,447.20867352750025,600,121.36881180900905,0.2713919004559416,160.53438557439583,0.3589697496431139,165.3054761440954,0.3696383499009445,8.4350347504987e-10,0.07263692712831923,0.0002391480742867717,0.04940710474220111,-0.155343709964351
1.1625,116269,0,3099.9999726191163,4780.000075697899,4059.1464928061273,1680.0001030787826,520.0000014156103,496.1457211910476,980,192.72871071908295,0.3884518247107288,139.00568372274813,0.2801710823768691,164.41132674921647,0.33137709291240197,1.1767314640545308e-09,0.0882340837513606,0.00106120586481695,-0.057178281128705155,-0.06436596907117165
1.165,116519,0,3339.999937452376,4859.9999863654375,4159.859227600904,1520.0000489130616,560.0000076810829,496.88610503283354,900,192.2295423107143,0.3868684198726226,140.33186573050554,0.28242260008706144,164.32469699161376,0.3307089800403161,2.0741863316967698e-09,0.09003302843881611,0.0009405368578587471,-0.06093492218514801,-0.05262056222840833
1.1675,116769,0,3499.999991618097,4900.000058114529,4249.0357970652985,1400.0000664964318,600.0000066705979,500.9117204266661,840,195.3107082765961,0.38991043793152724,141.18526929359072,0.28185658976662015,164.41574285647923,0.3282329723018526,2.7145470691861855e-10,0.08048960722717409,0.0010067170793747514,-0.06165871690117736,-0.045911410522784135
1.17,117019,0,3660.0000457838178,4940.00012986362,4333.060208846872,1280.000084079802,640.000005660113,499.53994539638904,780,194.73802786257914,0.3898347462644912,140.8955098433043,0.28205053698258814,163.90640769050563,0.3281147167529206,3.535686664606137e-11,0.08082899185686843,0.0009240522959800777,-0.06173528827321356,-0.03500797009189116
1.1725,117269,0,3819.999983534217,5020.000040531158,4416.353444112038,1200.0000569969416,640.000005660113,499.1257984083615,740,193.75359955479183,0.3881859045808561,141.85167512933413,0.2842002468749926,163.52052372423555,0.3276138485441513,8.723636221966753e-10,0.08463694135453534,0.0007502701326590588,-0.06422091426494142,-0.030453122420188106
1.175,117519,0,3900.0000106170774,5099.999951198697,4494.710074664951,1199.9999405816197,680.000004649628,500.84777091986535,740,194.06361727959415,0.38747026251743855,142.62600218649428,0.2847691663367993,164.15815145377698,0.3277605711457623,1.032363490429329e-09,0.08422517271524582,0.0008437146124670142,-0.06411940410959893,-0.02922210687552973
1.1775,117769,0,3980.000037699938,5180.000094696879,4571.605696513707,1200.0000569969416,640.0000202120282,499.5837505151679,720,193.40384095082825,0.38712996720047704,142.3449614693944,0.2849271244763448,163.83494809494522,0.3279429083231782,5.565758403477455e-10,0.08830523130841486,0.0006089326049672892,-0.06387156867331895,-0.025125315813159854
1.18,118019,0,4059.9999483674765,5219.999933615327,4643.981365505848,1159.9999852478504,640.0000202120282,500.57355866491696,720,192.7146450280647,0.38498766403494267,143.60354673085732,0.28687801072406477,164.25536690599495,0.32813432524099256,6.940585027523856e-10,0.08460535574306398,0.0006253627502652102,-0.0635405264251857,-0.019934562273193013
1.1825,118269,0,4140.000091865659,5300.000077113509,4718.760936589622,1159.9999852478504,640.0000202120282,500.6499306663023,720,192.5336213106021,0.3845673583822612,143.64310427859255,0.2869132611032655,164.47320507710765,0.3285193805144733,1.1485753026139051e-09,0.08615058701542691,0.0006133645965411304,-0.0625426929975818,-0.012331729496701693
1.185,118519,0,4220.000002533197,5379.999987781048,4792.446689985813,1159.9999852478504,640.0000202120282,502.32815642038656,720,195.03623289474214,0.3882645844194346,142.86166473707488,0.28439907839352196,164.4302587885695,0.32733633718704325,4.686869023523257e-10,0.08449712234732104,0.0006482917546919704,-0.06568238708209884,-0.008943368350339376
1.1875,118769,0,4299.999913200736,5459.9998984485865,4866.3269929269545,1159.9999852478504,680.0000192015432,502.56584405393033,720,195.0960718959342,0.3882000223536848,143.16165710333863,0.28486149386621656,164.30811505465755,0.32693848378009877,3.065864207619053e-10,0.08532255672606646,0.0006277709588425582,-0.06746841377885615,-0.0050727813387517195
1.19,119019,0,4380.000056698918,5499.999970197678,4937.433741739228,1119.9999134987593,680.0000192015432,503.7180920742304,700,194.98857843863792,0.38709862025345604,143.8246941409021,0.2855261631533921,164.90481949469046,0.32737521659315194,1.3909502245414195e-09,0.08074287351688189,0.0005326080845761187,-0.06498572990723706,-0.0021651098765889665
1.1925,119269,0,4459.999967366457,5579.999880865216,5011.21854730402,1119.9999134987593,680.0000192015432,504.68466538100637,700,195.97496180934243,0.38831170283605343,144.32878144136114,0.2859781391067264,164.38092213030276,0.32571015805722,1.1069088876817522e-09,0.08030784932102093,0.0005891284532388444,-0.06880370761957322,0.00189431403189666
1.195,119519,0,4539.999878033996,5660.000024363399,5084.423807071093,1120.000146329403,680.0000192015432,505.1229992708547,700,196.35205966525555,0.38872128164563846,144.6481880934983,0.2863623083928034,164.1227515121008,0.324916409961558,4.13121139472767e-12,0.08078809371298597,0.0005701041599993624,-0.06702658858598798,0.003970790050366602
1.1975,119769,0,4620.000021532178,5739.999935030937,5154.463070524316,1119.9999134987593,680.0000192015432,503.38419752402257,680,195.6161000705621,0.38860198836739784,144.12923911342222,0.2863205476499767,163.63885834003824,0.32507746398262544,2.224889716163106e-09,0.08128730892321269,0.00040314081197831685,-0.07457390231193783,0.006787583667826669
1.2,120019,0,4659.999860450625,5780.000006780028,5227.0141917846795,1120.000146329403,680.0000192015432,503.45031561891494,700,195.55178120273163,0.38842319715765933,144.32207664108782,0.2866659770858738,163.57645777509546,0.32491082575646674,7.064967450672991e-10,0.08288300257849306,0.0006086005961050571,-0.07701249682158956,0.012123282248490519
1.2025,120269,0,4740.000003948808,5860.000150278211,5299.99451590554,1120.000146329403,680.0000192015432,507.56245763064436,700,197.89086566200547,0.38988475740656847,145.63685403101516,0.2869338577775502,164.0347379376237,0.32318138481588127,1.955992728719279e-09,0.0765568766426162,0.0005155654026181273,-0.08052490205149082,0.014992953954615973
1.205,120519,0,4820.00014744699,5940.000060945749,5373.752627761124,1119.9999134987593,680.0000192015432,507.2556779627113,680,198.30331746877494,0.3909336574904783,145.06553795126158,0.28598110233854385,163.88682254267474,0.3230852401709778,2.4761081003153443e-09,0.07676769909925765,0.0003898210632954973,-0.08441115570807389,0.019884486510038157
1.2075,120769,0,4900.000058114529,6019.999971613288,5445.359732901019,1119.9999134987593,680.0000192015432,505.5476920347839,700,197.21377429144502,0.39009924760545805,144.75158084371128,0.28632626184307003,163.58233689962765,0.32357449055147197,2.7595997407962837e-09,0.08188607023742946,0.0004990582393235345,-0.08547872763181147,0.019866861425235804
1.21,121019,0,4979.999968782067,6060.000043362379,5515.500578553929,1080.0000745803118,680.0000192015432,504.82135355078606,680,197.91175507934946,0.3920431528644502,143.95981814232303,0.2851698271670681,162.9497803291135,0.32278701996848164,2.5312253610722955e-09,0.08045723398786753,0.00025840425439086065,-0.08375484895932161,0.020220708136994947
1.2125,121269,0,5060.00011228025,6139.999954029918,5588.607765332111,1079.9998417496681,680.0000192015432,503.9561366269866,680,196.83653355598528,0.39058267029631955,144.2655345831001,0.28626605392421517,162.8540684879013,0.3231512757794654,1.7389553605633358e-09,0.08254841436429043,0.0002744989080415021,-0.08536229433116227,0.020092232299019297
1.215,121519,0,5099.999951198697,6220.0000975281,5660.625446267053,1120.000146329403,680.0000192015432,508.43601647938596,700,199.3992351919763,0.3921815700089389,145.46967794373538,0.28611206371850983,163.56710334367423,0.3217063662725512,2.5347275477504075e-09,0.07645019887119726,0.00036476842909139047,-0.08342478266829939,0.020653818195803086
1.2175,121769,0,5180.000094696879,6300.000008195639,5733.918126799862,1119.9999134987593,680.0000192015432,506.76891327277195,700,199.58193456243202,0.39383223661749284,144.19417472044003,0.28453634574626424,162.99280398989987,0.3216314176362429,1.1509405052142812e-09,0.07950817585584101,0.0002759952152224758,-0.08472255643088167,0.02254435069664823
1.22,122019,0,5260.000005364418,6379.999918863177,5806.861949180538,1119.9999134987593,680.0000192015432,504.4302486757806,700,198.41450073019516,0.3933437799399791,143.76319879771845,0.285001145698781,162.25254914786703,0.3216550743612401,8.536028104938097e-10,0.08360544260337348,0.00026851104945333794,-0.08333776845601898,0.023595414550698135
1.2225,122269,0,5339.999916031957,6419.999990612268,5878.01194672565,1080.0000745803118,680.0000192015432,504.921107522477,680,198.97807778791386,0.39407755949092743,143.69494527918917,0.2845889053524911,162.2480844553739,0.3213335351565815,2.0683917725806856e-09,0.0801875295825387,0.0001901464789844098,-0.08291636179893974,0.025512837604877103
1.225,122519,0,5420.000059530139,6499.999901279807,5951.47707579739,1079.9998417496681,680.0000192015432,506.0805751812499,680,199.05828050547737,0.39333317710166166,144.43155975674253,0.2853924193889781,162.59073491903004,0.3212744035093603,7.201744980049138e-10,0.07816394986201064,0.00017839550739422627,-0.08134937950692656,0.028125149971035823
1.2275,122769,0,5459.9998984485865,6580.000044777989,6023.488952302791,1120.000146329403,680.0000192015432,505.647598141484,700,199.09176460152145,0.3937362015231289,144.3360492063752,0.2854479082603867,162.2197843335874,0.3208158902164845,1.422057253770001e-10,0.08048766386489233,0.0002231355284332313,-0.08048501562192045,0.026199789443671573
1.23,123019,0,5540.000041946769,6659.999955445528,6096.502543602961,1119.9999134987593,680.0000192015432,503.5007717454589,700,198.94206569126663,0.3951176976384861,142.84306024456353,0.2836997841123008,161.71564580962868,0.321182518249213,1.078943947271982e-09,0.08329998505528202,0.00021661342304071478,-0.08034099666258837,0.030629710051778447
1.365,136519,0,3619.9999740347266,5260.000005364418,4557.803302443314,1640.0000313296914,640.0000202120282,599.9710781078788,960,174.61529475980586,0.29103952028902447,222.67077369195397,0.37113584607142724,202.685009656119,0.33782463363954834,1.8787952344891556e-10,0.07634816887517769,0.0010452419247235882,0.07233876004203027,-0.09781095843159748
1.3675,136769,0,3859.999938867986,5339.999916031957,4654.834212355904,1479.9999771639705,680.0000192015432,601.9737167940327,880,175.3530006295091,0.29129677216373673,223.8872205637741,0.3719219200402031,202.73349560074948,0.3367813077960602,1.0797636244314894e-09,0.06652473188562477,0.0010205266900563564,0.06795066218966866,-0.09874944274629371
1.37,137019,0,4059.9999483674765,5379.999987781048,4739.720283084337,1320.0000394135714,680.0000192015432,602.5309046814269,800,175.87296394450806,0.2918903621010054,224.35155087195147,0.3723486200107391,202.3063898649674,0.3357610178882556,1.3332461920832392e-09,0.06202854269191745,0.0006204406570461459,0.06279066949531187,-0.10143583267038508
1.3725,137269,0,4179.999930784106,5459.9998984485865,4818.088982434426,1279.9999676644802,680.0000192015432,604.5004795755593,780,177.98153601749104,0.2944274521377684,224.12402124984098,0.3707590462247543,202.3949223082274,0.33481350163747736,1.0565185081081016e-09,0.05804113220649974,0.0005028738108447942,0.06220087902277388,-0.10335557981761245
1.375,137519,0,4260.000074282289,5540.000041946769,4893.740311470309,1279.9999676644802,680.0000192015432,600.9968049130349,780,175.92113739224212,0.29271559508157147,223.53216774162152,0.3719357006797514,201.54349977917133,0.3353487042386772,1.8645778951175894e-10,0.0632393547516015,0.0005068020862259465,0.06629920712535575,-0.1047298821368875
1.3775,137769,0,4380.000056698918,5619.999952614307,4968.93459454267,1239.999895915389,680.0000192015432,598.0000122337575,760,173.88067103846168,0.2907703469586083,223.04398878916513,0.37298325121434533,201.07535240613063,0.33624640182704635,1.5365837437491802e-09,0.06588126883878342,0.0005084556474327202,0.07608820928433063,-0.11135695062627027
1.38,138019,0,4419.999895617366,5699.999863281846,5040.0792234808605,1279.9999676644802,680.0000192015432,598.3567880312887,760,174.02507372861385,0.290838304519266,223.73853363128399,0.37392161016076664,200.59318067139085,0.3352400853199674,9.562996594816769e-11,0.06512084143621953,0.0005454681435975952,0.07811592400531175,-0.1065532838435535
1.3825,138269,0,4500.000039115548,5739.999935030937,5111.63957329175,1239.999895915389,680.0000192015432,599.9320378521344,740,175.90300212054441,0.2932048815901033,223.34104363036698,0.372277240652072,200.68799210122302,0.3345178777578248,5.283104777816651e-10,0.06032376674774602,0.00041424714552759537,0.08002628589625677,-0.10570127435658105
1.385,138519,0,4579.999949783087,5820.0000785291195,5185.154736839516,1240.0001287460327,680.0000192015432,601.4507443364273,760,177.3789333477981,0.2949184700793711,223.23561567557581,0.3711619243598555,200.83619531305334,0.3339196055607734,1.0001913971752604e-09,0.05905881357190778,0.0004779791413168714,0.08138622253729522,-0.09802083214934443
1.3875,138769,0,4659.999860450625,5899.999989196658,5257.176048253222,1240.0001287460327,680.0000192015432,597.9455930179622,760,176.56648552989068,0.2952885473053175,222.49781861406282,0.3721037853813215,198.88128887400882,0.3326076673133611,1.0592418381066023e-09,0.06397199970759593,0.00041304266034178464,0.08300244448369565,-0.10429118743763921
1.39,139019,0,4699.999932199717,5980.00013269484,5328.529109993805,1280.0002004951239,680.0000192015432,596.8851414380284,780,174.9849536859493,0.2931635276836877,222.79257106394095,0.37325869852813615,199.10761668813817,0.33357777378817616,1.2873079697981547e-09,0.06615571876445513,0.0006403428395180713,0.08470313259779999,-0.10518418075975822
1.3925,139269,0,4780.000075697899,6060.000043362379,5401.52015305095,1279.9999676644802,680.0000192015432,598.7793717329558,760,176.29697464133224,0.2944272681456991,222.75624549903534,0.37201723375063156,199.72615159258828,0.33355549810366936,5.113980635365526e-10,0.06158273712634154,0.0004889126947799754,0.08333089513524183,-0.10967891373240402
1.395,139519,0,4859.9999863654375,6100.00011511147,5471.758046319892,1240.0001287460327,680.0000192015432,597.6290993749983,760,176.03190288865952,0.29455042111027396,221.96594531573643,0.37141087264303035,199.63125117060244,0.3340387062466958,1.2646163944694512e-09,0.06272593684569838,0.0005622868314873175,0.08638460526788116,-0.10750093027190732
1.3975,139769,0,4940.00012986362,6180.000025779009,5543.595815443581,1239.999895915389,680.0000192015432,599.1788404008272,760,175.76949009200814,0.29335062962908576,223.2024247578528,0.37251386348780124,200.20692555096628,0.334135506883113,1.8619577468545077e-09,0.05959012129206391,0.000472808083469567,0.08580678822950266,-0.10989033500994583
1.4,140019,0,5020.000040531158,6259.9999364465475,5615.539112751515,1239.999895915389,680.0000192015432,597.8602105071094,760,174.95513133024147,0.2926355162218326,223.17828540855683,0.37329509722557946,199.72679376831118,0.334069386552588,1.840327823778137e-09,0.060923594570029146,0.0005323677984616238,0.07917705248758328,-0.11065345116806563
1.4025,140269,0,5060.00011228025,6340.00007994473,5686.660243460225,1279.9999676644802,680.0000192015432,597.0188917121,780,174.51898404105103,0.2923173562239789,223.02310755504132,0.3735612233567135,199.4768001160076,0.3341214204193076,1.6049009431913023e-09,0.06254458381505461,0.0005531860160424206,0.07814236669631974,-0.10783682960938884
1.405,140519,0,5140.000022947788,6379.999918863177,5758.534532344047,1239.999895915389,680.0000192015432,594.9467803426016,760,173.475072728393,0.2915808244705466,222.58668574394477,0.374128734028559,198.88502187026393,0.3342904415008944,6.070006738092566e-10,0.06403493905390635,0.0004927944140330082,0.08094842002392988,-0.11853171664979037
1.4075,140769,0,5219.999933615327,6460.00006236136,5831.431855716737,1240.0001287460327,680.0000192015432,596.3273683189873,760,173.7440463054848,0.2913568209945811,223.23137439125074,0.374343668009951,199.35194762225169,0.33429951099546784,2.433859962487117e-10,0.06139375465705508,0.0004329821920740348,0.07795650066335685,-0.1161128843976443
1.41,141019,0,5300.000077113509,6539.999973028898,5903.835041220637,1239.999895915389,680.0000192015432,595.7877932430794,760,173.30705554827784,0.2908872211109051,223.0447348379033,0.37436942711396204,199.43600285689826,0.33474335177513287,1.1536417487217383e-09,0.06175508598873843,0.0003929530369957247,0.08181837757789134,-0.11600980428089935
1.4125,141269,0,5379.999987781048,6619.999883696437,5976.095343729666,1239.999895915389,680.0000192015432,595.0732840424911,760,173.571345336945,0.29168062151577145,222.36056217103797,0.37366920702687834,199.141376534508,0.33465017145735004,8.58401398514174e-10,0.0622766261132769,0.000378107684420535,0.08881611368767645,-0.11743801572497009
1.415,141519,0,5459.9998984485865,6700.000027194619,6047.385470755993,1240.0001287460327,680.0000192015432,593.8863154786019,740,173.50653237617493,0.29215445423481307,222.3188984715755,0.37434588519254375,198.06088463085143,0.3334996605726432,1.3516248022964486e-09,0.06074622578591189,0.0003488816462358287,0.08589642849380269,-0.11053354166292664
1.5325,153269,0,4020.000109449029,5180.000094696879,4652.481606047543,1159.9999852478504,640.0000202120282,475.06849898580487,700,135.69474291710415,0.2856319524590468,164.20782651418605,0.3456508416465067,175.16592955451458,0.36871720589444634,4.7686833526779174e-11,0.06762362181338265,0.0010524300598555383,-0.0067575574847647535,-0.15123770349306725
1.535,153519,0,4220.000002533197,5260.000005364418,4737.300294444529,1040.0000028312206,640.0000202120282,475.9035134453791,660,137.41312585455395,0.28874156624675834,163.50412432720432,0.3435657012563119,174.9862632636208,0.3676927324969298,1.395863498359439e-09,0.06375757959435502,0.0007571830652376889,-0.013168506937682622,-0.1408384012934269
1.5375,153769,0,4299.999913200736,5339.999916031957,4815.625022047164,1040.0000028312206,640.0000202120282,472.7487444590356,660,136.32401528325258,0.28836462683628605,161.628433071687,0.3418907717177287,174.79629610409611,0.3697446014459854,2.610284493535525e-10,0.06970001038937937,0.0006587463975057633,-0.018377060538160406,-0.1405078085197083
1.54,154019,0,4419.999895617366,5420.000059530139,4891.503094297757,1000.0001639127731,640.0000202120282,471.5458998358148,640,136.75156645167758,0.2900069038863288,160.29026307785682,0.3399250489372667,174.50407030628043,0.3700680471764045,6.417092925312178e-10,0.07094186774297888,0.0005805655368883447,-0.0139818152606217,-0.15215680653155866
1.5425,154269,0,4500.000039115548,5459.9998984485865,4964.406772330537,959.9998593330383,680.0000192015432,473.04862998453484,620,136.77343757060257,0.2891318754587114,161.7191239687145,0.3418657485045491,174.55606844521787,0.3690023760367397,5.764515197333035e-10,0.0666864169510146,0.0005248867265556892,-0.021959606278396493,-0.14888765337753312
1.545,154519,0,4579.999949783087,5540.000041946769,5037.259334974823,960.000092163682,680.0000192015432,474.32108770040765,620,137.56642807766545,0.2900280667355773,162.09919035480337,0.34174991278732486,174.65546926793888,0.36822202047709796,4.541491395864554e-10,0.06422561145587587,0.00042181024916779794,-0.030959592120026524,-0.14957840234065728
1.5475,154769,0,4620.000021532178,5619.999952614307,5108.9108286348555,999.9999310821295,680.0000192015432,474.28627921897584,640,137.96469040204798,0.2908890609891548,161.92769528456873,0.341413408693207,174.39389353235916,0.3676975303176381,8.799431912609524e-10,0.06515987704654783,0.0004738291483790008,-0.03099741047780097,-0.14107035073789115
1.55,155019,0,4699.999932199717,5699.999863281846,5179.595265205214,999.9999310821295,680.0000192015432,472.43504606486397,620,137.3568266535102,0.2907422465746784,161.09222791822944,0.34098280654672675,173.98599149312435,0.36827494687859497,2.3341750913954634e-09,0.0675910647781022,0.0003725387133608648,-0.02922933360776747,-0.14527210751017666
1.5525,155269,0,4780.000075697899,5739.999935030937,5250.584541760622,959.9998593330383,680.0000192015432,473.280663542234,580,138.42383959989505,0.29247727672597507,161.14801596623624,0.34049144277337656,173.7088079761026,0.3670312805006482,1.2089352770054193e-09,0.06254678702841086,0.00020626104754268058,-0.03359692668026931,-0.15026502350562915
1.555,155519,0,4859.9999863654375,5820.0000785291195,5322.545889143295,960.000092163682,680.0000192015432,473.5269699818267,620,138.20585638048405,0.29186480420700894,161.92116973380428,0.34194709065888806,173.39994386753833,0.3661881051341029,1.0899916339829635e-09,0.06554985218791413,0.00028830721901962835,-0.024430854010628056,-0.1449869225529018
1.5575,155769,0,4900.000058114529,5899.999989196658,5393.553164167253,999.9999310821295,680.0000192015432,472.88922976543506,640,138.11374291724067,0.29206362552547155,161.78007421845072,0.34210987274693844,172.99541262974358,0.36582650172758996,2.149191294980334e-09,0.06784471098931386,0.0003316028753396233,-0.023857256447361364,-0.14302378917232927
1.56,156019,0,4979.999968782067,5980.00013269484,5465.0703160146395,1000.0001639127731,680.0000192015432,470.14871650963477,640,137.83230196231293,0.2931674534508451,160.05219853064142,0.34042887475874134,172.26421601668036,0.3664036717904135,7.97125686005248e-11,0.0731762781784641,0.00034479594776344006,-0.021690290970426462,-0.14283404163527186
1.5625,156269,0,5060.00011228025,6019.999971613288,5535.01945924713,959.9998593330383,680.0000192015432,471.77742064187123,620,138.8787404017908,0.2943734361276573,160.75479362975216,0.34074287279590254,172.1438866103283,0.36488369107644014,1.4045961865410101e-09,0.06841792595121125,0.0002941391227368064,-0.0225629296234075,-0.13684136454965723
1.565,156519,0,5140.000022947788,6100.00011511147,5605.775256542383,960.000092163682,680.0000192015432,473.0319525621187,620,139.45755498837283,0.2948163527495729,161.4951348483982,0.34140428352393515,172.07926272534763,0.3637793637264919,9.87252721816548e-10,0.06580538516281859,0.00023578151891906674,-0.015821361415861046,-0.1338347053969518
1.5675,156769,0,5219.999933615327,6180.000025779009,5676.209474093099,960.000092163682,680.0000192015432,472.80730579469054,620,138.33949550743068,0.2925917045103836,162.44446952303284,0.34357436429624866,172.02334076422704,0.36383393119336777,9.245312851854428e-10,0.06614716303417571,0.00016716438700191077,-0.022223450499294972,-0.12965824568468526
1.57,157019,0,5260.000005364418,6259.9999364465475,5745.975035869918,999.9999310821295,680.0000192015432,469.32121425948054,640,137.80550260030236,0.2936272608467935,160.73939299080794,0.3424933459367076,170.77631866837024,0.36387939321649887,1.2916115502793057e-09,0.07393149739753739,0.0002816702322948999,-0.02134248019988877,-0.12802718119772666
1.5725,157269,0,5339.999916031957,6300.000008195639,5816.004301542848,960.000092163682,680.0000192015432,469.7679570884575,620,138.0853159182708,0.29394366694165414,161.0377803078612,0.3428028197281615,170.64486086232543,0.3632535133301843,2.157054028136297e-09,0.0711266696420033,0.0002731033705056371,-0.024080573225843227,-0.12909166879794948
1.575,157519,0,5420.000059530139,6379.999918863177,5887.405100753787,959.9998593330383,680.0000192015432,468.8928578795884,620,138.20247948879958,0.29474212960669566,160.29477775315746,0.34185800670549166,170.39560063763133,0.3633998636878127,8.579258471784674e-10,0.07199822096203802,0.00032519263669668195,-0.023265123437601953,-0.12330558875902187
1.5775,157769,0,5499.999970197678,6460.00006236136,5958.692974920264,960.000092163682,680.0000192015432,467.72661013319106,620,137.27671043717046,0.2934977558751237,160.1129338079089,0.34232162622159706,170.33696588811173,0.36418061790327927,3.20328557591581e-11,0.07382099490862506,0.0003503586713611558,-0.026654556301987098,-0.12320899987048312
1.58,158019,0,5540.000041946769,6499.999901279807,6027.6430693491975,959.9998593330383,680.0000192015432,464.2668647121386,620,136.88500837850015,0.2948412190979288,157.82679236736266,0.3399484313084043,169.55506396627578,0.3652103495936668,1.2900993213337365e-09,0.08042864012203685,0.000321372444689412,-0.022115950195432665,-0.12321189599581917
1.5825,158269,0,5619.999952614307,6580.000044777989,6098.693159397335,960.000092163682,680.0000192015432,466.77946029047894,620,138.06430026894026,0.29578058165417614,159.03462636950115,0.3407061361923106,169.68053365203758,0.3635132821535134,5.724100707061182e-10,0.07496438525325713,0.0002807266246222637,-0.025594949179152948,-0.1269015716791141
1.585,158519,0,5699.999863281846,6659.999955445528,6169.664823467976,960.000092163682,680.0000192015432,467.27216433421216,620,139.01810466886695,0.2975099209407122,158.9705312252663,0.34020971793124855,169.28352844007887,0.36228036112803924,1.5171943570535334e-09,0.07297077512212574,0.00035265424162130634,-0.020097334973583514,-0.12800479742461462
1.6725,167269,0,3859.999938867986,5180.000094696879,4561.718678329623,1320.0001558288932,600.0000212225132,541.5827306198111,800,165.118838019915,0.3048820220521909,180.62928052669932,0.3335211230239547,195.8346120731967,0.36159685492385435,2.498975162405394e-09,0.06789318053466176,0.0008490687369446534,0.014429367473975385,-0.13137628752738384
1.675,167519,0,4020.000109449029,5260.000005364418,4650.710467148338,1239.999895915389,640.0000202120282,536.9615570428335,740,164.20683611341443,0.30580743436781194,178.16020160897398,0.3317932154959877,194.5945193204452,0.36239935013620045,4.696037962267698e-10,0.07287073052102873,0.0006150125575571421,0.013532469777421896,-0.13515847186032626
1.6775,167769,0,4140.000091865659,5300.000077113509,4728.29866949855,1159.9999852478504,640.0000202120282,538.0122161403461,720,165.33584935979528,0.30730872719935726,178.73157109971416,0.33220727287926516,193.94479568083665,0.3604839999213775,1.4610034129852606e-09,0.06929856112325579,0.0006107666091974631,0.006873737314070871,-0.14125649889479197
1.68,168019,0,4220.000002533197,5379.999987781048,4804.356683882418,1159.9999852478504,640.0000202120282,539.3091755945702,720,166.46040866145515,0.3086548796021098,178.91644661117869,0.33175116372520336,193.93232032193634,0.35959395667268684,1.943766595877658e-10,0.06685667240812393,0.000517673844506247,-0.00354455258556724,-0.14466589507736627
1.6825,168269,0,4299.999913200736,5459.9998984485865,4879.611577387355,1159.9999852478504,640.0000202120282,536.2163455734899,720,165.46944573573066,0.3085870975431737,177.3426350117278,0.33072963268595945,193.40426482603152,0.360683269770867,1.09203756697575e-10,0.07171335122718653,0.00045816111261617507,0.003378506715876861,-0.13345295700338844
1.685,168519,0,4380.000056698918,5540.000041946769,4954.065588473445,1159.9999852478504,640.0000202120282,536.1313654016291,720,166.59083846144944,0.3107276485057952,176.09403135554075,0.32845314174749773,193.44649558463882,0.360819209746707,1.2314162338073002e-09,0.07141761670938916,0.0004110151752523367,0.00017545493148046765,-0.12143662418375312
1.6875,168769,0,4459.999967366457,5579.999880865216,5026.577980712589,1119.9999134987593,680.0000192015432,535.7364038261036,700,166.77362435282754,0.3112979128574603,175.8502341090621,0.32824021823639576,193.1125453642139,0.3604618689061439,1.6663592236043749e-09,0.07020309554792273,0.0003986150934870258,-0.006013008528489072,-0.12383617027826899
1.69,169019,0,4579.999949783087,5660.000024363399,5100.714470060688,1080.0000745803118,680.0000192015432,534.4387748458494,680,165.7257003042311,0.3100929575179722,175.69173677087412,0.32874062482002675,193.02133777074422,0.3611664176620011,4.990389723204087e-11,0.07111375044632498,0.0002520462940804986,-0.013406625056410326,-0.11946314932942104
1.6925,169269,0,4659.999860450625,5739.999935030937,5171.7615341363635,1080.0000745803118,680.0000192015432,534.9649959158015,660,166.3671800837888,0.3109870390659606,175.64343627411532,0.328326970203785,192.9543795578974,0.3606859907302545,9.91214503433366e-10,0.06762554157349243,0.0002443274351848221,-0.01961735891524724,-0.11060644162452998
1.695,169519,0,4699.999932199717,5820.0000785291195,5244.321646209698,1120.000146329403,680.0000192015432,535.9710308914681,700,166.32033927425107,0.31031591203280956,176.56353208681793,0.3294273792991086,193.08715953039916,0.3602567086680819,4.4594447710794343e-10,0.06857432644044886,0.0003855322287216541,-0.024031832113582507,-0.10619610497181581
1.6975,169769,0,4740.000003948808,5899.999989196658,5315.345765285759,1159.9999852478504,680.0000192015432,534.8392396710681,720,165.82366686822277,0.3100439432420967,176.2750822865142,0.32958517104116236,192.74049051633105,0.3603708857167409,1.9195797814647017e-10,0.0710301668994733,0.0005327627072139654,-0.029819830121447788,-0.09469299832566769
1.7,170019,0,4820.00014744699,5940.000060945749,5386.907381334272,1119.9999134987593,680.0000192015432,535.4246276068177,680,166.43296439217707,0.3108429381294635,176.25809398678695,0.3291931018836508,192.73356922785376,0.3599639599868858,5.388034712789171e-10,0.06767203281679945,0.0004178464496735623,-0.031248023996933882,-0.09857350172627782
1.7025,170269,0,4900.000058114529,6019.999971613288,5458.605106877262,1119.9999134987593,680.0000192015432,534.642757847074,700,166.60224507284468,0.3116141435146842,175.58416653484343,0.32841399973674845,192.4563462393859,0.35997185674856735,6.866212313629955e-10,0.06988342578338737,0.0005119307494474562,-0.03515841871302955,-0.09652865617466688
1.705,170519,0,5020.000040531158,6100.00011511147,5531.3962228390055,1080.0000745803118,680.0000192015432,536.4837316328264,680,167.19641422415856,0.31165234724878677,176.76993348670925,0.3294972858705284,192.5173839219586,0.3588503668806848,1.1958750067422018e-09,0.06570890669255235,0.0003452369802192724,-0.03940802721452874,-0.09327335746485521
1.7075,170769,0,5099.999951198697,6180.000025779009,5603.356402074431,1080.0000745803118,680.0000192015432,533.8797367584552,680,166.3044880314088,0.31150177948531205,175.6437663958933,0.32899500449735236,191.93148233115318,0.35950321601733554,1.4404828456707954e-09,0.07001873840885792,0.0002874167420242656,-0.04226858488098478,-0.09428987790736587
1.71,171019,0,5180.000094696879,6220.0000975281,5673.859504096013,1040.0000028312206,680.0000192015432,533.9953015884673,660,167.07699788746586,0.3128810260885528,175.40286817588907,0.32847268066614244,191.5154355251124,0.3586462932453047,7.770721551830819e-10,0.06797256423969596,0.00029708697115839096,-0.04453358038302435,-0.09646607449216577
1.7125,171269,0,5219.999933615327,6300.000008195639,5744.521150365952,1080.0000745803118,680.0000192015432,534.3871789370556,680,167.21851327503384,0.312916401938472,175.93865290172957,0.32923441997932557,191.2300127602922,0.35784917808220246,1.1680814613484587e-09,0.06868775087762907,0.00035642485052297414,-0.04714313879847176,-0.09140212989475333
1.715,171519,0,5300.000077113509,6379.999918863177,5816.241814427733,1079.9998417496681,680.0000192015432,533.2847202379581,680,166.8739374682456,0.3129171550120251,175.20095875797014,0.3285317431930046,191.2098240117423,0.3585511017949702,1.0305724070639138e-09,0.07039441343209948,0.00033050551244131674,-0.0485268323001663,-0.0910856417050413
1.7175,171769,0,5379.999987781048,6460.00006236136,5887.97934745613,1080.0000745803118,680.0000192015432,534.3745389736088,680,167.30797436572007,0.3130912162976068,175.7264907717019,0.3288451787190791,191.34007383618686,0.35806360498331413,1.0172401200248524e-09,0.06813589886901035,0.0002854422161165963,-0.04828332854683082,-0.09071287770611791
1.72,172019,0,5459.9998984485865,6539.999973028898,5959.916694906346,1080.0000745803118,680.0000192015432,535.1245726455526,680,168.13072005993376,0.3141898702739961,176.20405932560695,0.329276711130061,190.78979326001178,0.3565334185959428,8.021824683842058e-10,0.06650595264650319,0.00027045060046678425,-0.04963036807635457,-0.09010110797691928
1.7225,172269,0,5540.000041946769,6580.000044777989,6030.371333686627,1040.0000028312206,680.0000192015432,532.6143702738043,660,167.41291653917924,0.31432294335790495,175.00998158044126,0.3285866686069187,190.19147215418388,0.35709038803517634,4.628665843827615e-10,0.06911100642681306,0.00022106056841348474,-0.04717538979098085,-0.08189820124811309
1.725,172519,0,5579.999880865216,6659.999955445528,6100.7081404804485,1080.0000745803118,680.0000192015432,530.6863218030081,680,167.0059152508637,0.3146979833274403,174.15414084240027,0.32816775878208265,189.52626570974417,0.3571342578904769,2.6539321374741885e-09,0.07311288458706529,0.00019849196151863397,-0.04691679134860732,-0.07509591938562343
1.865,186519,0,3900.0000106170774,5699.999863281846,4906.926822445886,1799.9998526647687,600.0000212225132,613.1289154127031,1020,180.84395980314852,0.29495258706143496,217.06041323022006,0.3540208392946442,215.2245423793346,0.3510265736439209,8.724431535630602e-11,0.07973926057433213,0.0012395563125664306,0.05874741949036072,-0.12080421140644526
1.8675,186769,0,4179.999930784106,5739.999935030937,5013.299014533452,1560.000004246831,600.0000212225132,614.1809710453877,900,183.30556727165532,0.2984553021231736,216.92179334871878,0.3531887238048089,213.95361042501358,0.34835597407201746,1.1376410742182413e-09,0.07305678480786416,0.0009701131206593423,0.059534821797852966,-0.13020406692333517
1.87,187019,0,4339.999984949827,5820.0000785291195,5106.152995192564,1480.0000935792923,600.0000212225132,615.1279816104233,880,185.29626939239455,0.30123206053362006,216.06041903440152,0.3512446604505764,213.7712931836272,0.34752327901580354,8.390206417739182e-10,0.07077322888350446,0.0008829815941193659,0.059226495085446196,-0.12589803601653504
1.8725,187269,0,4459.999967366457,5899.999989196658,5189.574172187586,1440.0000218302011,600.0000212225132,616.7360227836236,860,187.13498468211753,0.3034280109624343,215.52157519094095,0.3494551432526826,214.07946291056518,0.347116845784883,1.9394213765699e-09,0.0665494716643643,0.0006988065854749614,0.05942539289054444,-0.13055070509277408
1.875,187519,0,4579.999949783087,5980.00013269484,5268.808445544985,1400.0001829117537,600.0000212225132,615.6047840367063,840,186.72582742904254,0.30332094920482094,215.13747540317533,0.34947336502561593,213.7414812044884,0.3472056857695631,1.8420571849116663e-09,0.06703592056751978,0.0006008752800477768,0.05002456391290028,-0.13780743465716705
1.8775,187769,0,4699.999932199717,6019.999971613288,5344.726970883916,1320.0000394135714,640.0000202120282,613.9874232032594,800,187.7371125194693,0.305767032718713,213.22624991154328,0.3472811361495187,213.02406077224677,0.34695183113176825,8.263666532425361e-10,0.0673821040144628,0.0005020841040982448,0.05369021821071951,-0.12943898412393706
1.88,188019,0,4780.000075697899,6100.00011511147,5421.0107656634555,1320.0000394135714,640.0000202120282,616.2634413884039,780,188.85173807214068,0.3064464405785118,214.96996698759946,0.348828037735429,212.44173632866375,0.3447255216860593,1.242238287199819e-09,0.062317493407822784,0.00033708873244943014,0.04455462525846965,-0.1259138610496725
1.8825,188269,0,4859.9999863654375,6139.999954029918,5493.105958927027,1279.9999676644802,640.0000202120282,616.7219404686755,780,190.1818005263732,0.30837527911175866,214.5126260288271,0.34782713562259365,212.02751391347508,0.3437975852656476,1.6343054525578448e-09,0.061900829542045656,0.00033916501475331743,0.0409505186311549,-0.11867244925374482
1.885,188519,0,4940.00012986362,6220.0000975281,5566.831373375342,1279.9999676644802,640.0000202120282,615.6230006854065,780,189.451507278733,0.30773948840086607,213.99085004606565,0.3476004792020734,212.1806433606078,0.3446600323970605,1.0359576452302141e-10,0.06348271776214386,0.00028512578972924305,0.0429153840056925,-0.11912388112356465
1.8875,188769,0,5020.000040531158,6300.000008195639,5640.439100249553,1279.9999676644802,640.0000202120282,614.5147569703989,780,189.96565864894592,0.3091311583557244,213.26292775165777,0.3470428095218722,211.28617056979536,0.3438260321224035,2.386536951639309e-09,0.06492919391372906,0.0002821133427571701,0.045785412339258647,-0.11354648914398857
1.89,189019,0,5099.999951198697,6379.999918863177,5713.636203782563,1279.9999676644802,680.0000192015432,612.9192422314022,780,188.90336296917047,0.30820269613570345,213.5657161472536,0.3484402208841467,210.45016311497818,0.34335708298014994,5.504315020083394e-10,0.06686136362239185,0.000292253056228651,0.043612055977909736,-0.10345144413883495
1.8925,189269,0,5140.000022947788,6419.999990612268,5784.354868852704,1279.9999676644802,680.0000192015432,615.4672560498748,780,190.39225639319343,0.3093458742470694,214.58060173345828,0.34864665768030656,210.4943979232231,0.34200746807262405,1.20910402768286e-09,0.06297923787440532,0.0004072843744726182,0.04392211255890849,-0.1024319041431555
1.895,189519,0,5219.999933615327,6499.999901279807,5857.196549201686,1279.9999676644802,680.0000192015432,614.1025511841419,780,190.73015934999842,0.31058356455647906,213.78151374402444,0.3481202175952546,209.59087809011902,0.34129621784826636,1.1884989343749839e-09,0.06468456320081162,0.0003522372488036836,0.043611999574775295,-0.10668486194350657
1.8975,189769,0,5300.000077113509,6580.000044777989,5929.778646319864,1279.9999676644802,680.0000192015432,613.5795316311257,780,191.10839529383227,0.31146474978686806,213.6181767066164,0.34815075421231656,208.8529596306771,0.3403844960008154,1.4255688466647142e-09,0.06497800481230105,0.0004461916841151166,0.040590718157501315,-0.10215934708156416
1.9,190019,0,5379.999987781048,6659.999955445528,6002.047237166394,1279.9999676644802,680.0000192015432,611.3431864503447,780,189.80983233738297,0.3104799996863954,213.37945932891992,0.3490338390256212,208.15389478404177,0.34048616128798337,1.5443621326862804e-09,0.06743756254109685,0.00035604739899644565,0.035598876114984634,-0.10595778427302244
1.9025,190269,0,5420.000059530139,6739.999866113067,6069.9453373418355,1319.9998065829277,680.0000192015432,613.6605554785133,760,189.6574552192705,0.30905922423412335,215.06225104459767,0.35045800015107514,208.9408492146451,0.34048277561480156,6.012400368775669e-10,0.05754770362324776,0.00045010439042179006,0.025126108898828936,-0.09418755218010577
