time_s,vtk_index,droplet_in_frame,x_min_um,x_max_um,x_centroid_um,L_um,w_um,V_nL,n_cells,V1_nL,c1,V2_nL,c2,V3_nL,c3,dye_closure_err,dye_outside_frac,core_bias_strict,asym_strict
0.1425,14269,0,2940.000034868717,4740.000003948808,4012.5506306817338,1799.9999690800905,640.000005660113,550.677649142256,1020,183.55656818030596,0.3333285243485304,183.55653464912902,0.333328463457777,183.56454631282097,0.3333430121936925,0.11590453498369457,0.09567413000974555,-7.421235895810341e-06,-1.4748384740026488e-05
0.145,14519,0,3260.0000267848372,4859.9999863654375,4149.6369154097565,1599.9999595806003,640.000005660113,551.5338290296721,940,183.84166316629762,0.33332799094071,183.84162522913954,0.33332792215588464,183.850540634235,0.33334408690340545,0.11684156111213065,0.10085145104423511,-7.708097947645154e-06,-1.53033858686924e-05
0.1475,14769,0,3499.999991618097,4979.999968782067,4272.806658790083,1479.9999771639705,680.000004649628,550.224576770995,880,183.40526775741824,0.3333280182316394,183.4052304306054,0.33332795039240715,183.41407858297126,0.3333440313759535,0.1214667341749328,0.104133037779211,-8.19429092996371e-06,-1.6258253708767434e-05
0.15,15019,0,3700.000001117587,5060.00011228025,4376.850665911474,1360.0001111626625,680.000004649628,548.576062078697,820,182.8557693579053,0.33332801410440216,182.85573168777134,0.3333279454354672,182.8645610330203,0.33334404046013066,0.12706183463466122,0.10024863918191074,-8.43640550229896e-06,-1.6733187628570345e-05
0.1525,15269,0,3819.999983534217,5140.000022947788,4470.039665326906,1320.0000394135714,680.000004649628,546.0294269182983,800,182.0068839775612,0.333327976487968,182.00684604039833,0.33332790700972936,182.0156969003387,0.3333441165023025,0.13097271238175356,0.10040746511631214,-8.431760406046873e-06,-1.6723384760886084e-05
0.155,15519,0,3900.0000106170774,5219.999933615327,4556.8945648807685,1319.9999229982495,640.0000202120282,542.6849852202276,800,180.8920791193627,0.33332796013502136,180.89204162089544,0.33332789103698424,180.90086447996953,0.33334414882799446,0.1346800366999952,0.10454067907640051,-8.564708423086653e-06,-1.6987141898683333e-05
0.1575,15769,0,4020.000109449029,5300.000077113509,4640.817427655245,1279.9999676644802,640.0000202120282,538.5831560016582,760,179.52480417540528,0.3333279219279048,179.52476702026416,0.3333278529410813,179.53358480598868,0.33334422513101386,0.13885940269956817,0.09690629516187409,-8.535940565712608e-06,-1.6930969682971142e-05
0.16,16019,0,4100.000020116568,5379.999987781048,4722.703630928849,1279.9999676644802,640.0000202120282,537.903190029556,780,179.29813808040043,0.3333278950633266,179.29810044841034,0.3333278251028006,179.30695150074519,0.3333442798338729,0.1414145490485698,0.10311429762609778,-8.640415098903897e-06,-1.7136338451129163e-05
0.1625,16269,0,4179.999930784106,5459.9998984485865,4802.625066019406,1279.9999676644802,680.0000192015432,538.3880315264107,780,179.45975803510507,0.33332791133248224,179.45972039357136,0.33332784141723243,179.46855309773426,0.33334424725028533,0.145594035850976,0.09932595135822286,-8.717831047666547e-06,-1.7289092179684218e-05
0.165,16519,0,4260.000074282289,5540.000041946769,4881.888013506691,1279.9999676644802,680.0000192015432,535.6769745285422,780,178.55607525273217,0.3333278892748418,178.55603763981372,0.3333278190591703,178.56486163599635,0.3333442916659879,0.1493039143316449,0.10066299480740856,-8.769543823394788e-06,-1.739231013170306e-05
0.1675,16769,0,4339.999984949827,5619.999952614307,4961.967536203061,1279.9999676644802,680.0000192015432,534.8358109874645,780,178.2756888300543,0.33332788337584357,178.27565133158055,0.3333278132637214,178.28447082582957,0.3333443033604349,0.1527043029716249,0.09880623663012612,-8.841435578055279e-06,-1.753501276752223e-05
0.17,17019,0,4419.999895617366,5699.999863281846,5042.1307453588015,1279.9999676644802,680.0000192015432,532.2988104912218,760,177.43003153147498,0.3333278753107433,177.42999426188464,0.3333278052944487,177.43878469786213,0.3333443193948078,0.15604631554019813,0.09583801053223244,-8.913093915041692e-06,-1.7677562029916327e-05
0.1725,17269,0,4500.000039115548,5780.000006780028,5121.970698223586,1279.9999676644802,680.0000192015432,531.137325529472,780,177.0428768652952,0.3333278765313799,177.042839805516,0.33332780675699686,177.05160885866084,0.33334431671162323,0.15975703322361035,0.09805159769431201,-8.967652222691136e-06,-1.778603364965825e-05
0.175,17519,0,4579.999949783087,5860.000150278211,5201.203806593974,1280.0002004951239,680.0000192015432,528.8911651370267,780,176.29416393149413,0.3333278669644998,176.29412707198858,0.33332779727245726,176.302874133544,0.3333443357630429,0.1636206747731411,0.09799414015274158,-8.992418974118621e-06,-1.783500900953694e-05
0.1775,17769,0,4659.999860450625,5940.000060945749,5280.374134123731,1280.0002004951239,680.0000192015432,526.3334627091439,780,175.44159799701416,0.33332784332955206,175.4415610993543,0.3333277732263524,175.45030361277543,0.33334438344409556,0.16697467473212416,0.09845123802669992,-9.034215809333723e-06,-1.791832459541176e-05
0.18,18019,0,4740.000003948808,6019.999971613288,5360.164298852935,1279.9999676644802,680.0000192015432,524.6365673375807,780,174.87597211906268,0.3333278368424091,174.87593472548735,0.3333277655672109,174.88466049303074,0.3333443975903801,0.17061238333956086,0.09731040986888075,-9.04603147378058e-06,-1.7939384958254312e-05
0.1825,18269,0,4820.00014744699,6100.00011511147,5440.2510220850045,1279.9999676644802,680.0000192015432,521.7499487811065,760,173.91377735192015,0.33332782831739854,173.9137405210114,0.33332775772628714,173.92243090817487,0.3333444139563142,0.17442617387969833,0.09160090396478467,-9.093275035176873e-06,-1.803429401286971e-05
0.185,18519,0,4900.000058114529,6180.000025779009,5520.4773291375595,1279.9999676644802,680.0000192015432,518.2212514018225,780,172.73755067468662,0.333327801990791,172.73751351952856,0.3333277302933105,172.74618720760736,0.33334446771589854,0.17845539300558408,0.09982092650556834,-9.06597839567258e-06,-1.7978894375214605e-05
0.1875,18769,0,5020.000040531158,6259.9999364465475,5601.283418773368,1239.999895915389,680.0000192015432,515.2725400636613,760,171.75465342105096,0.33332778300165367,171.75461718141545,0.33332771267064887,171.7632694611948,0.33334450432769747,0.18243625503070462,0.09454021856401688,-9.095881560727825e-06,-1.8041629866516473e-05
0.19,19019,0,5099.999951198697,6340.00007994473,5681.380594562797,1240.0001287460327,680.0000192015432,512.9547958551929,760,170.98207079200856,0.3333277555324325,170.98203493385205,0.3333276856273321,170.9906901293323,0.33334455884023545,0.1861629958546743,0.09416660586562009,-9.139352156350977e-06,-1.812967452563541e-05
0.1925,19269,0,5180.000094696879,6419.999990612268,5761.825551514603,1239.999895915389,680.0000192015432,510.0437722281764,760,170.01172682745243,0.3333277182951171,170.0116905496907,0.3333276471683556,170.0203548510332,0.33334463453652724,0.19001620886376774,0.09465100706746389,-9.19848370978249e-06,-1.8244994507199408e-05
0.195,19519,0,5260.000005364418,6499.999901279807,5840.883327756089,1239.999895915389,680.0000192015432,507.65311621228534,760,169.21484156761028,0.33332769200780343,169.21480567130962,0.3333276212975103,169.2234689733654,0.3333446866946863,0.19371306755491113,0.09410143729625303,-9.195938383055324e-06,-1.824135065214838e-05
0.1975,19769,0,5300.000077113509,6580.000044777989,5919.509871704299,1279.9999676644802,680.0000192015432,506.4823035324497,780,168.82456656732197,0.3333276708581104,168.8245304993604,0.33332759964543174,168.83320646576726,0.33334472949645777,0.1970695486875923,0.09700503099368972,-9.20962169864703e-06,-1.8267746303590737e-05
0.2,20019,0,5379.999987781048,6659.999955445528,5997.824380121754,1279.9999676644802,680.0000192015432,503.93993143463695,780,167.97710581624276,0.33332763557362605,167.97707009161155,0.33332756468297225,167.9857555267826,0.33334479974340164,0.20020449909342428,0.09654717302855213,-9.219029747709051e-06,-1.828747917065332e-05
0.3125,31269,0,3060.000017285347,4780.000075697899,4050.0936491534585,1720.0000584125519,640.000005660113,552.3233352271658,1000,174.94644581696687,0.31674643213293335,149.0870573550042,0.26992713841012345,228.2898320551947,0.4133264294569431,0.11021177986040237,0.14584450816333472,-0.09862625927157065,-0.11005828984849764
0.315,31519,0,3380.000009201467,4900.000058114529,4186.453495835767,1520.0000489130616,680.000004649628,552.6887560793049,900,174.94371876724637,0.31653207495710994,149.1016028360103,0.26977498853733844,228.64343447604818,0.4136929365055516,0.11155022153513748,0.15013441699186408,-0.09854993101666881,-0.11010620980200858
0.3175,31769,0,3580.0000187009573,4979.999968782067,4302.561420525342,1399.99995008111,680.000004649628,550.8069410307622,820,174.4288807032383,0.31667879924827697,148.3528787683151,0.26933734438911083,228.02518155920896,0.4139838563626123,0.11593529720376877,0.14777309818130088,-0.09951046300107752,-0.10957899271589311
0.32,32019,0,3739.9999564513564,5060.00011228025,4401.436417003813,1320.0001558288932,680.000004649628,550.2972713952648,800,174.08447456567933,0.3163462434118427,148.27104605081556,0.2694380905703531,227.94175077877003,0.41421566601780424,0.1197125827340338,0.148316730356346,-0.10035914666654777,-0.11060717212507121
0.3225,32269,0,3859.999938867986,5140.000022947788,4492.451734761685,1280.000084079802,640.0000202120282,547.0382604134079,780,172.77449610532742,0.31583621952650665,147.25526358869186,0.2691864065913928,227.00850071938862,0.4149773738821005,0.1227842697158225,0.1510588445574825,-0.10003962746421874,-0.11009522139947103
0.325,32519,0,3939.9999659508467,5219.999933615327,4577.731382791747,1279.9999676644802,640.0000202120282,547.1041838320435,780,173.01922028975628,0.3162454709775565,147.14062149893974,0.2689444274915483,226.94434204334746,0.4148101015308951,0.12463677641083887,0.1517974907988392,-0.10067367890117562,-0.10899784662784162
0.3275,32769,0,4020.000109449029,5300.000077113509,4661.094403849915,1279.9999676644802,640.0000202120282,543.5749036733641,760,171.57542378556695,0.31564265131833086,146.0666188719117,0.2687147951180682,225.93286101588552,0.415642553563601,0.12625619509404162,0.15156584725667444,-0.10105993835133475,-0.10948668007024787
0.33,33019,0,4140.000091865659,5379.999987781048,4742.235746372883,1239.999895915389,640.0000202120282,539.8987928654113,760,170.14615364545438,0.3151445342976888,144.96997353012188,0.26851323886227085,224.78266568983508,0.41634222684004046,0.12866572147086427,0.15677780293062377,-0.10197688154172624,-0.11151442931136657
0.3325,33269,0,4220.000002533197,5459.9998984485865,4821.738352115831,1239.999895915389,680.0000192015432,542.8538884592929,760,171.11163430616057,0.3152075317942422,145.99167822361915,0.26893365107500133,225.75057592951316,0.4158588171307565,0.13186106807489367,0.15111802422430473,-0.10224290832164595,-0.11179894156673542
0.335,33519,0,4299.999913200736,5540.000041946769,4900.882707418378,1240.0001287460327,680.0000192015432,542.9020024586479,760,171.15062967995047,0.31525142457544497,146.00371491468135,0.2689319881921089,225.747657864016,0.4158165872324461,0.13377827323289448,0.14966971639944351,-0.10259831458949059,-0.11184912550035447
0.3375,33769,0,4380.000056698918,5619.999952614307,4980.904244326957,1239.999895915389,680.0000192015432,544.0431830654834,760,171.55674329076228,0.31533662883909896,146.38906399762325,0.2690761846748537,226.09737577709788,0.41558718648604737,0.13577917923827637,0.1464191598952346,-0.10260095345616388,-0.11147831879828723
0.34,34019,0,4459.999967366457,5699.999863281846,5060.883505764556,1239.999895915389,680.0000192015432,541.7491825819257,740,170.664204575123,0.3150243877835744,145.7177817119432,0.26897646807230224,225.3671962948595,0.41599914414412337,0.13914171237491976,0.14031431412648382,-0.1024826068014465,-0.11117317864379284
0.3425,34269,0,4539.999878033996,5780.000006780028,5140.521156197218,1240.0001287460327,680.0000192015432,541.3514035365154,760,170.57885595829515,0.31509820579377,145.62166885542146,0.26899656656306964,225.15087872279875,0.41590522764316024,0.14097909659886074,0.14631746233168913,-0.10270303287581889,-0.11119124679411763
0.345,34519,0,4620.000021532178,5860.000150278211,5219.627118939016,1240.0001287460327,680.0000192015432,539.5258014878377,760,169.94991592214467,0.3149986811631209,145.09244134457762,0.26892586220058345,224.48344422111543,0.4160754566362955,0.14410024420203874,0.14636432473253175,-0.10252438676340975,-0.11072697798309244
0.3475,34769,0,4699.999932199717,5940.000060945749,5298.433869968955,1240.0001287460327,680.0000192015432,538.1141758737351,760,169.45365482541678,0.31490278907868413,144.69401842783512,0.2688909248541829,223.96650262048323,0.41620628606713284,0.1464112991220915,0.1455381780702635,-0.10250482058238869,-0.11031163584990189
0.35,35019,0,4780.000075697899,6019.999971613288,5377.255422034984,1239.999895915389,680.0000192015432,535.7554510220878,740,168.64870411099187,0.3147867255279479,144.00084368701644,0.26878092124363595,223.10590322407938,0.41643235322841604,0.14928982872838642,0.13864106885455726,-0.10211509893249227,-0.10952902728652253
0.3525,35269,0,4859.9999863654375,6100.00011511147,5456.175515324061,1240.0001287460327,680.0000192015432,534.5820374574786,760,168.2350317157383,0.3147038619476996,143.70844611437863,0.2688239335497864,222.63855962736164,0.4164722045025141,0.15210254862134193,0.14508321819641057,-0.10174363546334958,-0.10860062307119639
0.355,35519,0,4940.00012986362,6180.000025779009,5536.379834965205,1239.999895915389,680.0000192015432,532.9128121733255,760,167.6955692129857,0.31467730814931894,143.23409012833784,0.26877584260772497,221.98315283200193,0.416546849242956,0.15486571273884894,0.14467438175027694,-0.10164102578057993,-0.1079479436519672
0.3575,35769,0,5020.000040531158,6259.9999364465475,5616.496044688084,1239.999895915389,680.0000192015432,531.1948052265357,760,167.14099281843974,0.31465103042029957,142.74940048299675,0.2687326741121258,221.30441192509915,0.41661629546757467,0.15766757563016895,0.1442209739529158,-0.10117586188172606,-0.1067253728088246
0.36,36019,0,5099.999951198697,6340.00007994473,5696.671561121164,1240.0001287460327,680.0000192015432,528.912031725063,760,166.3220588761405,0.31446072106485445,142.12773089101225,0.2687171445645853,220.46224195791024,0.41682213437056026,0.1604921811257174,0.14442332891167017,-0.10063880962508048,-0.10562604309188367
0.3625,36269,0,5180.000094696879,6419.999990612268,5776.6137347486565,1239.999895915389,680.0000192015432,527.1003242617306,760,165.75030658941674,0.3144568480802409,141.6239515816702,0.268685001816366,219.7260660906437,0.41685815010339317,0.16338522978020023,0.1437106265714196,-0.10011271881997058,-0.10438338250757828
0.365,36519,0,5260.000005364418,6499.999901279807,5855.336896587117,1239.999895915389,680.0000192015432,526.8878196238301,760,165.7461169162213,0.3145757232242629,141.60637281617906,0.26876000458176946,219.53532989142968,0.41666427219396773,0.1661969241720813,0.14046387644166036,-0.09974009811230045,-0.10368408531035284
0.3675,36769,0,5339.999916031957,6580.000044777989,5934.297544906151,1240.0001287460327,680.0000192015432,524.4264373799344,760,164.96304453234615,0.31455897867489535,140.9372354773822,0.26874548159988454,218.52615737020616,0.4166955397252202,0.16921402832741997,0.14083223807958184,-0.09923264232133294,-0.1027305485754818
0.37,37019,0,5420.000059530139,6659.999955445528,6012.284416122557,1239.999895915389,680.0000192015432,521.5810477279864,760,164.04403676426102,0.3145130320183966,140.13828034706785,0.2686797784496043,217.39873061665753,0.41680718953199913,0.17205727337103066,0.14174854071829726,-0.0987245567988958,-0.10160749666450425
0.4825,48269,0,3099.9999726191163,4820.00014744699,4069.231877935453,1720.0001748278737,640.000005660113,547.2205259266617,1000,157.5544915242456,0.28791772979904817,168.50408514439926,0.3079272014861923,221.16194925801685,0.4041550687147596,0.11578653454623627,0.16385724882991562,-0.04012875229262225,-0.1410609490534584
0.485,48519,0,3380.000009201467,4900.000058114529,4203.539150114503,1520.0000489130616,680.000004649628,549.4162203921571,900,158.52589388274072,0.2885351542216748,168.89014056545997,0.3073992617926554,222.00018594395638,0.4040655839856698,0.1170132684796205,0.1596116654257962,-0.0427426201217293,-0.1406869025028964
0.4875,48769,0,3619.9999740347266,5020.000040531158,4317.224341704379,1400.0000664964318,680.000004649628,547.6957713746141,840,157.5962608801687,0.28774416221003773,168.16995934370374,0.30704995023355497,221.92955115074164,0.40520588755640735,0.12143622029822669,0.166384890594146,-0.044662591850355815,-0.13831335039487608
0.49,49019,0,3739.9999564513564,5099.999951198697,4414.605843006893,1359.9999947473407,680.000004649628,547.4589017039978,820,157.9395297357926,0.2884956829529972,168.17505908609724,0.307192117184765,221.34431288210791,0.40431219986223776,0.12451257757510917,0.16751972298948745,-0.04412260540561619,-0.13309144643108511
0.4925,49269,0,3859.999938867986,5180.000094696879,4504.825708091082,1320.0001558288932,640.0000202120282,543.7662888842333,800,156.54274286905297,0.2878860754502944,166.84042878380976,0.30682378108829345,220.3831172313706,0.4052901434614121,0.12948579695272944,0.1720526592611524,-0.0449851969926649,-0.1344150718069615
0.495,49519,0,3939.9999659508467,5260.000005364418,4589.666783018675,1320.0000394135714,640.0000202120282,543.0178830403362,800,156.64007405857677,0.28846209112222054,166.45363320763911,0.30653434887939907,219.92417577412027,0.40500355999838034,0.12996077236970488,0.1754030912672496,-0.045015018438860244,-0.13398139280716131
0.4975,49769,0,4059.9999483674765,5339.999916031957,4672.887108041824,1279.9999676644802,640.0000202120282,540.7734357377807,780,155.98803510321196,0.2884535829508646,166.12137645973573,0.30719219081665,218.664024174833,0.40435422623248546,0.1327751954672609,0.17492893974745555,-0.04469325228254556,-0.13378151550695055
0.5,50019,0,4140.000091865659,5420.000059530139,4753.805966500913,1279.9999676644802,640.0000202120282,538.3600148715343,780,155.91641488190263,0.2896136610723366,165.26166102252262,0.30697239107172186,217.18193896710906,0.4034139478559416,0.1340624835368114,0.17980914476972962,-0.04344445573051309,-0.13129127643640603
0.5025,50269,0,4220.000002533197,5499.999970197678,4833.116645160172,1279.9999676644802,680.0000192015432,541.5094033887576,780,156.50396523002343,0.2890143075090183,166.0378825446127,0.3066204972721622,218.96755561412147,0.40436519521881953,0.13756005553982506,0.17579770197718186,-0.04140258506557315,-0.1284842677939272
0.505,50519,0,4299.999913200736,5579.999880865216,4912.465993050784,1279.9999676644802,680.0000192015432,540.1792795953353,780,156.1016885911024,0.2889812595330256,165.62957292344194,0.30661963385104307,218.44801808079094,0.4043991066159313,0.13986583294481478,0.17830055522722085,-0.040666568039078865,-0.12564443740008513
0.5075,50769,0,4380.000056698918,5660.000024363399,4992.750139970842,1279.9999676644802,680.0000192015432,539.4287623125585,780,155.85566294028004,0.2889272390150627,165.4266049273792,0.3066699747677282,218.14649444489936,0.40440278621720915,0.1421746682258829,0.17961471297941495,-0.03986636689569251,-0.12298306477639365
0.51,51019,0,4459.999967366457,5739.999935030937,5072.651953429951,1279.9999676644802,680.0000192015432,539.4599992209326,760,156.06489826534053,0.2892983696487663,165.47741694890823,0.30674640786691204,217.91768400668383,0.4039552224843217,0.14422419291291047,0.17075693001381034,-0.03883615956206682,-0.12051468990300068
0.5125,51269,0,4539.999878033996,5820.0000785291195,5151.994759429039,1280.0002004951239,680.0000192015432,537.9640986709242,780,155.81988652871598,0.28964737036110644,165.08616234482696,0.30687208078138156,217.05804979738122,0.403480548857512,0.1458949215300296,0.18050316085531753,-0.038140289204156186,-0.11803196793448284
0.515,51519,0,4620.000021532178,5860.000150278211,5230.86780170058,1240.0001287460327,680.0000192015432,536.9443359165206,760,155.7046893666063,0.2899829255128113,165.01339941633813,0.3073193781524366,216.22624713357612,0.4026976963347521,0.1476462290340693,0.17222532495622989,-0.037547240010377625,-0.11563122256058916
0.5175,51769,0,4699.999932199717,5940.000060945749,5309.891352320981,1240.0001287460327,680.0000192015432,536.785803531038,760,155.76058098633663,0.290172690786019,165.06190287204615,0.3075004998013177,215.96331967265527,0.4023268094126633,0.1499014747942131,0.1712040181587043,-0.03695973964262245,-0.11327568544188077
0.52,52019,0,4780.000075697899,6019.999971613288,5388.959753088814,1239.999895915389,680.0000192015432,535.0335897029322,740,155.42604206539252,0.2904977277252631,164.59455561995722,0.3076340603425392,215.01299201758243,0.4018682119321977,0.1519450983939087,0.1656762029878449,-0.036665696799417724,-0.11079961559202939
0.5225,52269,0,4859.9999863654375,6100.00011511147,5467.910241846,1240.0001287460327,680.0000192015432,533.0671409942156,760,154.85950858441322,0.2905065735163999,163.99750146609676,0.30764886607009284,214.21013094370568,0.40184456041350725,0.154336954653567,0.17438407821111315,-0.03640721572130473,-0.10816152727906103
0.525,52519,0,4940.00012986362,6180.000025779009,5548.189690255772,1239.999895915389,680.0000192015432,531.7401533155296,760,154.65617325621892,0.29084915309084697,163.6147933311192,0.30769689351263213,213.46918672819146,0.4014539533965208,0.15642594968131773,0.1748944340418248,-0.036359808972247054,-0.10714991960103126
0.5275,52769,0,5020.000040531158,6259.9999364465475,5628.461392851721,1239.999895915389,680.0000192015432,530.0544179008001,760,154.0584110557455,0.29064640507265344,163.00998115124676,0.3075344259874731,212.98602569380796,0.40181916893987357,0.15910578232110043,0.1754870105899054,-0.03665525735116465,-0.10463531832582113
0.53,53019,0,5099.999951198697,6340.00007994473,5708.771330318937,1240.0001287460327,680.0000192015432,528.0212932198214,760,153.7119824501747,0.29110943900170067,162.39231179709023,0.3075487937367791,211.91699897255654,0.4013417672615203,0.161563680094043,0.17612680355763044,-0.037156400160234415,-0.10236174537963727
0.5325,53269,0,5180.000094696879,6419.999990612268,5788.919725241019,1239.999895915389,680.0000192015432,526.4466571042534,760,153.4498544058545,0.2914822467482521,161.8720278611794,0.3074803983969899,211.1247748372196,0.401037354854758,0.16412379932884366,0.17584471887129532,-0.0377736923919485,-0.10103785001628118
0.535,53519,0,5260.000005364418,6499.999901279807,5867.323190013868,1239.999895915389,680.0000192015432,524.2801693921124,760,153.05611098227726,0.2919357242898227,161.12381862186118,0.30732388525905824,210.10023978797398,0.4007403904511191,0.16682359538936942,0.17676350427302584,-0.038431352184574996,-0.09962772024735028
0.5375,53769,0,5339.999916031957,6580.000044777989,5946.062693714239,1240.0001287460327,680.0000192015432,523.9345668030865,760,153.15792332621413,0.2923226162777238,160.9450907005231,0.3071854786802263,209.83155277634918,0.40049190504204973,0.16916497357722368,0.17476256253957692,-0.03913426853072438,-0.09828567424860768
0.54,54019,0,5420.000059530139,6659.999955445528,6024.139524080133,1239.999895915389,680.0000192015432,522.2326835323261,760,152.8126882301524,0.292614179557939,160.4370472055524,0.30721372343142783,208.98294809662127,0.40017209701063317,0.17197318731287153,0.17476418918362155,-0.03983280980756582,-0.09724182689282762
0.6525,65269,0,3140.0000443682075,4820.00014744699,4087.166721083716,1680.0001030787826,640.000005660113,548.7476166154274,980,157.07381753495042,0.2862405462528518,182.63950580029402,0.3328297021621348,209.03429328018296,0.38092975158501347,0.11603519631541753,0.15999757346707655,-0.002771165324143454,-0.12244225467323494
0.655,65519,0,3419.9999645352364,4940.00012986362,4219.065058005079,1520.0001653283834,680.000004649628,548.9845885826661,900,157.63141035370975,0.2871326693535653,182.33505183784956,0.3321314580225116,209.01812639110676,0.38073587262392306,0.11726485978699773,0.16611216828591732,-0.006100874767959785,-0.11887162522924816
0.6575,65769,0,3619.9999740347266,5020.000040531158,4330.276667575797,1400.0000664964318,680.000004649628,548.5264510902975,840,157.45848495717658,0.2870572324164109,181.9921170217221,0.3317836663299995,209.07584911139878,0.3811591012535894,0.12263306844891554,0.16474726578537172,-0.007452700031650272,-0.11626399633123113
0.66,66019,0,3780.0000282004476,5099.999951198697,4426.324226190529,1319.9999229982495,680.000004649628,546.700042284042,800,156.78503826733143,0.2867843902340008,181.50797772995162,0.3320065185501629,208.4070262867589,0.3812090912158363,0.12603257505280244,0.1644859225152133,-0.008769609896447594,-0.11410734510652443
0.6625,66269,0,3859.999938867986,5180.000094696879,4515.69589349809,1320.0001558288932,640.0000202120282,542.7117553988326,800,155.59416412889706,0.28669761172678626,179.7080413760194,0.33112981170631556,207.40954989391602,0.3821725765668981,0.12999007107802238,0.17333330031743693,-0.00944440462405538,-0.11396977624879201
0.665,66519,0,3980.000037699938,5260.000005364418,4600.334479231042,1279.9999676644802,640.0000202120282,540.3233877658519,760,155.2618287912746,0.2873498210641162,178.76745457015866,0.3308527052832798,206.2941044044186,0.3817974736526041,0.13250190678502638,0.16630648319740882,-0.009881323292321775,-0.1146117361613676
0.6675,66769,0,4059.9999483674765,5339.999916031957,4683.20000866635,1279.9999676644802,640.0000202120282,541.2774406680048,780,156.22341136433377,0.2886198456221163,179.32876045081102,0.33130654813453275,205.72526885286,0.38007360624335096,0.13280636039261604,0.17443170856067453,-0.00899492551057357,-0.1114121588827307
0.67,67019,0,4140.000091865659,5420.000059530139,4763.817636852213,1279.9999676644802,680.0000192015432,540.0616844079393,780,156.22395407522944,0.2892705751686405,178.870007214485,0.3312029206637335,204.96772311822485,0.3795265041676259,0.13417352835799606,0.17767145381113184,-0.008099513667787162,-0.10880011149213459
0.6725,67269,0,4220.000002533197,5499.999970197678,4843.056617245374,1279.9999676644802,680.0000192015432,539.9017957228746,780,155.53022741005896,0.2880713282344607,178.58909415407422,0.3307807004326801,205.7824741587415,0.3811479713328594,0.1387941453603126,0.17903084112078374,-0.0073057993991745285,-0.10796382021279821
0.675,67519,0,4299.999913200736,5579.999880865216,4922.50153675684,1279.9999676644802,680.0000192015432,541.0242944905128,780,156.26311325261693,0.2888282741531436,179.07442472892174,0.3309914666541133,205.68675650897413,0.38018025919274306,0.13996234377579048,0.17825261423973798,-0.006560255694244954,-0.10535690642472723
0.6775,67769,0,4380.000056698918,5660.000024363399,5002.711449770051,1279.9999676644802,680.0000192015432,540.6751090451428,780,156.3449109199931,0.28916609680091515,178.90660146958413,0.3308948358757285,205.4235966555655,0.37993906732335625,0.1415190187758754,0.17939730203312915,-0.005864726298301759,-0.10229722539137465
0.68,68019,0,4459.999967366457,5739.999935030937,5082.48424167666,1279.9999676644802,680.0000192015432,538.0656376283691,760,155.5353511452128,0.2890638990268281,178.03107343967062,0.33087240847488014,204.4992130434858,0.3800636924982918,0.14398738179388504,0.1745957031545603,-0.004836017183934838,-0.09999986321963411
0.6825,68269,0,4539.999878033996,5820.0000785291195,5161.75937251905,1280.0002004951239,680.0000192015432,537.9909619890111,780,155.77470180245913,0.28954891960739104,177.98952082421656,0.3308410984566914,204.22673936233528,0.37960998193591733,0.1460645702788534,0.18331964075179016,-0.004035919868232152,-0.09697999521937017
0.685,68519,0,4620.000021532178,5899.999989196658,5240.7482257842,1279.9999676644802,680.0000192015432,536.9584147616482,780,155.78513666720883,0.29012514262647454,177.65869725922653,0.33086118473082854,203.51458083521277,0.3790136726426969,0.1480185943939438,0.1843908213529366,-0.0034788184734439453,-0.0936336005329308
0.6875,68769,0,4699.999932199717,5980.00013269484,5319.870734423758,1280.0002004951239,680.0000192015432,534.6414667343115,780,155.1178099085826,0.29013426671909814,176.87706198701417,0.3308330404437423,202.64659483871466,0.3790326928371594,0.15108830079625574,0.1876287905099403,-0.003042346380283778,-0.09080834358095513
0.69,69019,0,4780.000075697899,6060.000043362379,5398.994670231491,1279.9999676644802,680.0000192015432,533.4044183403395,760,155.00630293191966,0.29059808580928864,176.42103852822214,0.33074536404694055,201.9770768801976,0.37865655014377075,0.15323801967935935,0.18296437164791132,-0.002785902289049791,-0.08752866094459372
0.6925,69269,0,4859.9999863654375,6139.999954029918,5478.09586388827,1279.9999676644802,680.0000192015432,531.4943251721658,780,154.62770882797457,0.29093012193100337,175.77055715196386,0.3307101295861003,201.09605919222736,0.37835974848289633,0.15556262416756228,0.19196800032975272,-0.002765477866704502,-0.08477227661106118
0.695,69519,0,4940.00012986362,6220.0000975281,5558.597892944578,1279.9999676644802,680.0000192015432,530.8400950950492,780,154.85473528607713,0.2917163505864223,175.5429740227189,0.3306889883502247,200.44238578625314,0.377594661063353,0.15755262043571813,0.1921376053816366,-0.0027634312058230637,-0.08280895279781031
0.6975,69769,0,5020.000040531158,6300.000008195639,5638.828120476542,1279.9999676644802,680.0000192015432,527.9459664424259,780,154.04133164632046,0.291774805448995,174.51274161676474,0.3305503833900318,199.39189317934077,0.37767481116097334,0.1604886064821413,0.19530371564381957,-0.0031192599915960684,-0.08011148884745734
0.7,70019,0,5099.999951198697,6379.999918863177,5719.056895663171,1279.9999676644802,680.0000192015432,526.9548831687746,780,154.08105915571488,0.29239895876696026,174.11940424749505,0.33042563947875514,198.7544197655647,0.3771754017542847,0.16293738410499253,0.1951647300896893,-0.0037068046207003325,-0.07813254379212159
0.7025,70269,0,5180.000094696879,6460.00006236136,5799.041042481078,1279.9999676644802,680.0000192015432,524.9291380562823,780,153.81533913244817,0.29302114891544895,173.383213716077,0.33029832247088375,197.73058520775714,0.3766805286136672,0.16530613450801374,0.19646397358457107,-0.004263109597819281,-0.07571833657130089
0.705,70519,0,5260.000005364418,6539.999973028898,5877.432618995148,1279.9999676644802,680.0000192015432,523.3193943747675,780,153.6216390953276,0.29355235205617797,172.77078708301434,0.33014405531335433,196.92696819642552,0.37630359263046764,0.1678548626867479,0.1972809126724763,-0.004995270443918953,-0.07342729239670498
0.7075,70769,0,5339.999916031957,6619.999883696437,5956.221472740687,1279.9999676644802,680.0000192015432,522.9002251570552,780,153.86341884747102,0.29425005277298844,172.74162209867836,0.3303529311864319,196.29518421090583,0.37539701604057985,0.1702922192530277,0.19631021732130616,-0.005310101850702464,-0.07201244431737469
0.71,71019,0,5420.000059530139,6700.000027194619,6033.986032068978,1279.9999676644802,680.0000192015432,522.5398643012073,760,154.07521065202812,0.2948582896313049,172.42505812711562,0.3299749357069622,196.03959552206354,0.3751667746617329,0.17181513093078504,0.18562261054125098,-0.005990173473781002,-0.07018142802817423
0.8225,82269,0,3179.999999701977,4820.00014744699,4104.382004892592,1640.0001477450132,640.000005660113,550.2921673352388,960,162.07726979975507,0.29452948709883664,180.61483327626215,0.32821625310583663,207.60006425922154,0.3772542597953267,0.11600199261832637,0.15510121849591005,-0.008974426877134567,-0.11281161826165209
0.825,82519,0,3459.9999198690057,4940.00012986362,4233.657844137596,1480.0002099946141,680.000004649628,551.4583302645589,880,162.64205912250478,0.2949308228682994,180.61881929762944,0.3275294059135504,208.19745184442468,0.37753977121815013,0.11840854832137178,0.15924494633134603,-0.013396538579308281,-0.11081706030887128
0.8275,82769,0,3660.0000457838178,5020.000040531158,4342.650636631322,1359.9999947473407,680.000004649628,545.2601453856875,820,159.9327231372644,0.2933145297537502,178.57538469407575,0.3275049280701806,206.75203755434725,0.37918054217606917,0.1245426197865932,0.16571436661942512,-0.014206588479014293,-0.10706881479894947
0.83,83019,0,3780.0000282004476,5099.999951198697,4437.618338125363,1319.9999229982495,680.000004649628,545.6707456980903,800,160.56009962540793,0.2942435541784439,178.31550219305734,0.32678222829214315,206.795143879625,0.37897421752941285,0.12731286654199267,0.16519765611525306,-0.016193939237535426,-0.10584238722124378
0.8325,83269,0,3900.0000106170774,5180.000094696879,4526.2723048445305,1280.000084079802,640.0000202120282,542.4482076950449,780,159.2514069812458,0.29357900850651203,177.4700159249847,0.32716490423866473,205.72678478881434,0.37925608725482307,0.13062025143758543,0.168039032583087,-0.016252475338600025,-0.1056908055054912
0.835,83519,0,3980.000037699938,5260.000005364418,4610.588052941476,1279.9999676644802,640.0000202120282,542.9323687838448,760,160.01826564596146,0.29472964745940355,177.48886310056767,0.32690786791389576,205.42524003731566,0.37836248462670063,0.13237989701981465,0.1624046376041021,-0.015979268449160033,-0.10404713743757554
0.8375,83769,0,4059.9999483674765,5339.999916031957,4693.194590682751,1279.9999676644802,640.0000202120282,540.4108031118386,780,159.67717135000763,0.29547368489034864,176.71171785703567,0.3269951615317079,204.02191390479527,0.37753115357794337,0.1328862810770443,0.17487593644293958,-0.015218492578029152,-0.10075036256522646
0.84,84019,0,4140.000091865659,5420.000059530139,4773.554284643552,1279.9999676644802,680.0000192015432,539.6041030062969,780,159.44783015966158,0.2954903961466003,176.2906705834095,0.32670372519638213,203.86560226322584,0.37780587865701765,0.13540049564936724,0.1774883478259795,-0.014290995072963109,-0.09950790116057634
0.8425,84269,0,4220.000002533197,5499.999970197678,4852.530943404078,1279.9999676644802,680.0000192015432,539.47923377126,780,159.2451650301586,0.29518312302207866,176.09587991628504,0.32641827320261585,204.1381888248164,0.37839860377530543,0.13918147992166183,0.1787975491580314,-0.014169729485038918,-0.09871700406085354
0.845,84519,0,4339.999984949827,5579.999880865216,4932.238474670154,1239.999895915389,680.0000192015432,538.1486443810466,760,158.79525850922897,0.29507694605803175,175.56044053932965,0.32623038703600393,203.7929453324879,0.3786926669059643,0.14206953176150253,0.17495821934024777,-0.013699519284375239,-0.09649769001839642
0.8475,84769,0,4419.999895617366,5660.000024363399,5012.472860760979,1240.0001287460327,680.0000192015432,538.0143410645475,760,159.21438277211482,0.29592962607108886,175.54136536918614,0.3262763684362938,203.25859292324662,0.37779400549261744,0.1436762237169225,0.1757793059836169,-0.013140058783440156,-0.09459664336774509
0.85,85019,0,4500.000039115548,5739.999935030937,5092.079994830151,1239.999895915389,680.0000192015432,536.339804026544,740,158.98534341018808,0.2964265232910436,175.05172143064456,0.3263821184190556,202.30273918571132,0.3771913582899008,0.1455904487922157,0.16939583208662415,-0.012441514371420548,-0.09147038112140887
0.8525,85269,0,4579.999949783087,5820.0000785291195,5171.440594708549,1240.0001287460327,680.0000192015432,536.4017317658381,760,159.22316779200577,0.2968356706602009,175.05326167272682,0.32634730894035385,202.12530230110556,0.3768170203994452,0.1473742937714138,0.1781960431129557,-0.01183614036746189,-0.08801330075925384
0.855,85519,0,4659.999860450625,5899.999989196658,5250.46781741383,1240.0001287460327,680.0000192015432,534.3621296631854,760,158.7065467942121,0.29700186069369594,174.3879561319672,0.3263478949039407,201.2676267370061,0.3766502444023632,0.1498413290170483,0.18094008578744963,-0.011216901244718636,-0.08558533322828793
0.8575,85769,0,4740.000003948808,5980.00013269484,5329.503790579254,1240.0001287460327,680.0000192015432,532.9264532106855,760,158.32834187372228,0.29709229279172084,174.14193140712533,0.32676541079540034,200.45617992983776,0.37614229641287866,0.1522663496213888,0.18298587917833342,-0.010480884116269684,-0.08250931633977393
0.86,86019,0,4820.00014744699,6060.000043362379,5408.474439897629,1239.999895915389,680.0000192015432,532.7448189953951,740,158.65884506487797,0.29781396159621665,174.0756758955864,0.3267524519972686,200.01029803493066,0.37543358640651464,0.15359902280464488,0.17528042905587576,-0.010374656220998646,-0.08034676006278774
0.8625,86269,0,4900.000058114529,6139.999954029918,5487.725911266655,1239.999895915389,680.0000192015432,530.4463285098072,760,158.02837300967587,0.29791585786563535,173.2924697498568,0.3266918073251455,199.1254857502746,0.3753923348092191,0.15659434307362158,0.186464369624005,-0.01036862574682107,-0.07705624252454535
0.865,86519,0,4979.999968782067,6220.0000975281,5568.15974125684,1240.0001287460327,680.0000192015432,528.951772517611,760,157.96405483519652,0.2986360251395835,172.8237419775599,0.32672873210157527,198.1639757048546,0.3746352427588413,0.15917537129407452,0.18808686928155063,-0.010476268308817427,-0.07503324656996918
0.8675,86769,0,5060.00011228025,6300.000008195639,5648.248754490752,1239.999895915389,680.0000192015432,527.6112597574562,760,157.9301256687757,0.29933046868896707,172.344858360689,0.32665121369835093,197.33627572799156,0.3740183176126821,0.1614145291462774,0.18926669543779603,-0.01088251128280776,-0.07207787244564651
0.87,87019,0,5140.000022947788,6379.999918863177,5728.538483630775,1239.999895915389,680.0000192015432,526.0897130180069,760,157.83679134103457,0.30001877519249676,171.7952022319913,0.3265511527424812,196.4577194449811,0.37343007206502205,0.16387038057111986,0.19037840937513206,-0.011360771980491902,-0.06924137123268143
0.8725,87269,0,5219.999933615327,6460.00006236136,5808.441944620056,1240.0001287460327,680.0000192015432,524.5629437631751,760,157.7339482100019,0.300695941422073,171.22374557242625,0.3264122020211339,195.605249980747,0.3728918565567931,0.16634738270731603,0.19151064867629047,-0.011914821388658181,-0.06663718151547904
0.875,87519,0,5300.000077113509,6539.999973028898,5886.809147467787,1239.999895915389,680.0000192015432,521.4724666526083,760,156.9756461431119,0.30102384340779603,170.09235264245805,0.3261770534776273,194.40446786703836,0.37279910311457665,0.16963079351664456,0.19532835482699099,-0.01250326080691655,-0.0651012512097956
0.8775,87769,0,5379.999987781048,6619.999883696437,5965.5892991091405,1239.999895915389,680.0000192015432,519.9979530643457,760,156.86644356726026,0.30166742511743944,169.49696136398327,0.3259569780325835,193.63454813310204,0.372375596849977,0.17205046230448548,0.19653963915379108,-0.013050948097493797,-0.06340079649289326
0.88,88019,0,5459.9998984485865,6700.000027194619,6043.1943399290285,1240.0001287460327,680.0000192015432,518.8047579019999,740,156.7373277645321,0.30211235609781967,168.9545789315519,0.3256611978941541,193.11285120591592,0.37222644600802623,0.17424626687475311,0.18682516418880923,-0.012975337828859845,-0.059881458893830286
0.99,99019,0,2860.0000077858567,4740.000003948808,3987.9192834790115,1879.999996162951,640.000005660113,546.1837055164284,1040,161.37830537007477,0.29546525050118094,177.9780937544792,0.32585756762222906,206.8273063918745,0.3786771818765901,0.11597383619791955,0.1566730916712009,-0.013468857794779243,-0.11130191134493883
0.9925,99269,0,3219.999955035746,4859.9999863654375,4122.604284757643,1640.0000313296914,640.000005660113,548.2121004033991,960,162.73628523118353,0.2968491303118535,177.97748477819303,0.32465077776873075,207.49833039402253,0.37850009191941575,0.11709056595516512,0.1637949359721551,-0.014395695557861299,-0.11061211636531121
0.995,99519,0,3499.999991618097,4940.00012986362,4248.810937664822,1440.000138245523,680.000004649628,549.1315159225916,860,163.24231965214986,0.29727363103151655,177.99890919757755,0.32414622733594695,207.89028707286417,0.37858014163253645,0.12049853472576963,0.15939949225848052,-0.018768498605265083,-0.10895007594032019
0.9975,99769,0,3660.0000457838178,5020.000040531158,4355.306454909484,1359.9999947473407,680.000004649628,548.7181966071062,820,163.2308167224815,0.29747658767612956,177.93697319425192,0.32427751493296764,207.55040669037263,0.3782458973909027,0.12376029542916679,0.15933772555001077,-0.018920579204796617,-0.10362617719106482
1.0,100019,0,3780.0000282004476,5099.999951198697,4449.241740522671,1319.9999229982495,680.000004649628,545.2673590320343,800,162.04062138937672,0.2971764561095924,176.5282588865865,0.32374624294394183,206.69847875607107,0.3790773009464658,0.12777940251718115,0.16459300367698898,-0.020733462443150996,-0.10084737910375063
1.0025,100269,0,3900.0000106170774,5180.000094696879,4537.081326387935,1280.000084079802,640.0000202120282,542.1266154809616,780,160.75240832946463,0.2965218894240213,175.48117984276328,0.32369039783645487,205.89302730873382,0.37978771273952394,0.13154724877048374,0.1676435506848578,-0.021878040336170912,-0.10256630445846515
1.005,100519,0,3980.000037699938,5260.000005364418,4621.144215366564,1279.9999676644802,640.0000202120282,541.211236704909,760,161.15543685184358,0.2977680911302148,175.08923705948732,0.32351367670319325,204.96656279357808,0.37871823216659195,0.13230813864147012,0.1647197420801286,-0.02008919601099307,-0.09991179442362558
1.0075,100769,0,4100.000020116568,5339.999916031957,4703.4873519491175,1239.999895915389,640.0000202120282,536.3423573620079,760,159.57554972403221,0.2975255404195601,173.33209779563114,0.3231743594672674,203.43470984234446,0.3793001001131724,0.1349409470922292,0.17384670196408827,-0.02035335260088389,-0.10086351007649397
1.01,101019,0,4179.999930784106,5420.000059530139,4783.656278856265,1240.0001287460327,680.0000192015432,538.0889487979608,760,160.28105921288144,0.2978709367121068,173.85457935037923,0.3230963574679497,203.9533102347002,0.3790327058199437,0.13776982366328208,0.17245744427308718,-0.019915634940626925,-0.1008940634888511
1.0125,101269,0,4260.000074282289,5499.999970197678,4862.746469959788,1239.999895915389,680.0000192015432,538.9182179722111,760,160.70131318058944,0.2981923932452324,174.03008823514887,0.3229248565579622,204.18681655647273,0.3788827501968054,0.14018005484787305,0.17215414778175858,-0.019547054139485986,-0.09895449477134771
1.015,101519,0,4339.999984949827,5579.999880865216,4942.508340645932,1239.999895915389,680.0000192015432,539.8566725873396,760,161.40214661757886,0.29897221765183746,174.3358957367824,0.3229299638017863,204.11863023297843,0.3780978185463763,0.14145823614921244,0.17167357257341256,-0.018960941406411136,-0.09480929767361623
1.0175,101769,0,4419.999895617366,5660.000024363399,5022.859211776546,1240.0001287460327,680.0000192015432,538.195844048842,760,160.77902475370718,0.2987370239505533,173.86900942310342,0.3230589967307971,203.54780987203145,0.37820397931864963,0.14456843852709017,0.17484726688816474,-0.01812276544512259,-0.09170735378685252
1.02,102019,0,4500.000039115548,5739.999935030937,5102.313726972229,1239.999895915389,680.0000192015432,537.2234979459048,740,160.7069337821292,0.2991435303865123,173.53855072899975,0.3230285931135389,202.97801343477582,0.3778278764999488,0.1465198872744219,0.16693346597563408,-0.017492541897756675,-0.08890235042718109
1.0225,102269,0,4579.999949783087,5820.0000785291195,5181.650372037857,1240.0001287460327,680.0000192015432,536.6282755888816,760,160.79192525212918,0.2996337177270064,173.35747238664754,0.32304945578279426,202.47887795010485,0.37731682649019926,0.14852190054447756,0.17689895717463794,-0.016164583810616362,-0.08604952912975583
1.025,102519,0,4659.999860450625,5899.999989196658,5260.710794730222,1240.0001287460327,680.0000192015432,536.296601384871,760,161.06090521024348,0.30032057781894983,173.4616939822439,0.32344358240256654,201.7740021923836,0.37623583977848357,0.15009391290827298,0.1769594966400385,-0.01577454840800885,-0.08251269563663888
1.0275,102769,0,4740.000003948808,5980.00013269484,5339.70603059182,1240.0001287460327,680.0000192015432,534.2645014928104,760,160.70814382185316,0.30080258630848944,172.80587643274637,0.32344630038099553,200.75048123821088,0.37575111331051514,0.1525691719232752,0.17981715595586237,-0.015480712475044067,-0.07894951990728721
1.03,103019,0,4820.00014744699,6060.000043362379,5418.593410741369,1239.999895915389,680.0000192015432,533.4851338699482,740,160.71123748823132,0.3012478273244802,172.50796606718686,0.3233603995968901,200.26593031452992,0.37539177307862964,0.15473023381373416,0.17332457746311508,-0.015212088056276551,-0.07605972938851535
1.0325,103269,0,4900.000058114529,6139.999954029918,5497.885161559754,1239.999895915389,680.0000192015432,532.2004034473628,760,160.61656478217932,0.30179714961088916,172.07860673414245,0.3233342282709522,199.50523193104098,0.3748686221181586,0.15687358486568062,0.1820068867156173,-0.015192082699644838,-0.07476836884447197
1.035,103519,0,4979.999968782067,6220.0000975281,5578.372238936327,1240.0001287460327,680.0000192015432,530.8425609881889,760,160.52958169854335,0.30240525816112,171.63480333799146,0.3233252492386538,198.67817595165403,0.3742694926002261,0.15912852047953951,0.18316875589835027,-0.015382474484564146,-0.07144421691489244
1.0375,103769,0,5060.00011228025,6300.000008195639,5658.375415183984,1239.999895915389,680.0000192015432,527.9994662275523,760,159.8307543079349,0.3027100679663425,170.63869366312684,0.32317967077183857,197.53001825649054,0.3741102612618189,0.16194578409899493,0.18651885363586165,-0.015767334950584744,-0.07019968241721058
1.04,104019,0,5140.000022947788,6379.999918863177,5738.680854017746,1239.999895915389,680.0000192015432,526.4882497638157,760,159.7402429310218,0.30340704280234515,170.09000982303345,0.32306515843294964,196.65799700976038,0.37352779876470515,0.1643051788543195,0.1875604500700209,-0.01597755485869773,-0.06716601267209543
1.0425,104269,0,5219.999933615327,6460.00006236136,5818.039603208013,1240.0001287460327,680.0000192015432,524.9726623585568,760,159.59880678284495,0.3040135577075799,169.5039300971085,0.32288144174131717,195.86992547860328,0.3731050005511029,0.16668249668267968,0.18856294174334012,-0.016496309933962006,-0.06436593165220794
1.045,104519,0,5300.000077113509,6539.999973028898,5896.528989915986,1239.999895915389,680.0000192015432,525.0981991753138,760,159.931903780664,0.30457522808465726,169.49391943771937,0.32278518514044774,195.6723759569305,0.3726395867748951,0.16900527239534407,0.1870775822044412,-0.017095772766852757,-0.061298141364928005
1.0475,104769,0,5379.999987781048,6619.999883696437,5975.193497390482,1239.999895915389,680.0000192015432,522.9056965498107,760,159.68208256812028,0.3053745323902956,168.66641591518663,0.32255608808254754,194.55719806650387,0.3720693795271569,0.17163154436820852,0.18913161241478788,-0.01768224282867842,-0.05916425127873065
1.05,105019,0,5459.9998984485865,6700.000027194619,6052.498676847128,1240.0001287460327,680.0000192015432,520.8252766743003,740,159.29733163930948,0.3058556079622199,167.96458795251377,0.32249699750565475,193.56335708247698,0.37164739453212525,0.17468603737294316,0.18032847500842006,-0.018101397447446543,-0.057061047418827726
1.16,116019,0,2900.000079534948,4740.000003948808,4002.272358319307,1839.9999244138598,640.000005660113,548.4004348088084,1040,163.3383969096283,0.29784512655715484,177.3436913160983,0.32338357167409343,207.71834658308188,0.3787713017687518,0.11686097562300217,0.15248062479398314,-0.016651918785101527,-0.11152538380797539
1.1625,116269,0,3260.0000267848372,4859.9999863654375,4139.665507887473,1599.9999595806003,640.000005660113,548.0674653851099,940,163.13037432506385,0.297646520963322,176.57152712367224,0.32217115277879327,208.36556393637377,0.38018232625788473,0.11747174179093733,0.16146393534521222,-0.01863789441821717,-0.1110186871114649
1.165,116519,0,3499.999991618097,4940.00012986362,4263.155785858094,1440.000138245523,680.000004649628,546.5978154149929,860,162.8917607087655,0.2980102666255506,175.54793743127806,0.32116472565481624,208.1581172749492,0.380825007719633,0.1216183614293234,0.1620521195685464,-0.022250601333346665,-0.1064517267854368
1.1675,116769,0,3700.000001117587,5060.00011228025,4367.615034950853,1360.0001111626625,680.000004649628,545.6218224095531,820,162.2738985479397,0.29741093901140575,175.52084122381592,0.3216895549534434,207.82708263779762,0.3808995060351508,0.1255714363084454,0.16795934723198014,-0.023459054637345433,-0.10407044023695283
1.17,117019,0,3819.999983534217,5140.000022947788,4460.826371598129,1320.0000394135714,680.000004649628,544.0974838026159,800,162.10663248128836,0.2979367435194689,174.72764240459523,0.32113297268616253,207.2632089167323,0.3809302837943685,0.12909353980543992,0.1695598920488252,-0.024704500898570958,-0.10383902973976467
1.1725,117269,0,3900.0000106170774,5219.999933615327,4547.878790161262,1319.9999229982495,640.0000202120282,542.8017973488763,800,162.0040604157957,0.29845896090810187,174.14591233404047,0.3208278107858056,206.65182459904008,0.3807132283060925,0.13165355618496094,0.17412354615862616,-0.02501746128741228,-0.10233317025723354
1.175,117519,0,4020.000109449029,5300.000077113509,4631.890276975087,1279.9999676644802,640.0000202120282,538.8764068413718,760,160.71025249988472,0.298232118644587,172.800507296329,0.3206681626853929,205.36564704515814,0.3810997186700202,0.13414291254259392,0.16787061675922826,-0.02520941450649039,-0.1040555402400638
1.1775,117769,0,4100.000020116568,5379.999987781048,4713.915212793965,1279.9999676644802,640.0000202120282,538.2288466844822,780,161.13610837986334,0.2993821482673591,172.7669837873329,0.3209916838378072,204.32575451728596,0.3796261678948337,0.13567752605510772,0.1791012105322357,-0.02458803207244975,-0.10162396977981375
1.18,118019,0,4179.999930784106,5459.9998984485865,4793.855234062234,1279.9999676644802,680.0000192015432,540.5551206587699,780,162.16070407071143,0.2999892108562168,173.34873122945717,0.3206865028273131,205.04568535860128,0.37932428631647014,0.13814346452415444,0.17686615785890977,-0.024051288445883667,-0.09864069731395853
1.1825,118269,0,4260.000074282289,5540.000041946769,4873.124093197129,1279.9999676644802,680.0000192015432,540.0597826098725,780,161.81514448074455,0.2996245039739171,173.11658938567777,0.32055078893133104,205.12804874345022,0.37982470709475186,0.14075160953037633,0.17860347450041997,-0.022050605530960887,-0.0946284886891487
1.185,118519,0,4339.999984949827,5619.999952614307,4953.083606424229,1279.9999676644802,680.0000192015432,538.261395456122,780,161.45422784954258,0.2999550575473213,172.5238341354785,0.3205205418629029,204.28333347110103,0.3795244005897759,0.1430428855247181,0.18227121286266934,-0.021682259426996087,-0.09235351728404945
1.1875,118769,0,4419.999895617366,5699.999863281846,5033.205007052977,1279.9999676644802,680.0000192015432,538.7575356652341,760,161.76884153429955,0.3002627913771165,172.6365239160658,0.3204345414916598,204.35217021486866,0.37930266713122374,0.14512342634284828,0.17315051952930333,-0.021108889013928767,-0.08945831323347309
1.19,119019,0,4500.000039115548,5780.000006780028,5112.865607065316,1279.9999676644802,680.0000192015432,537.9465880004798,780,161.9238782670921,0.30100363470833597,172.3963119011607,0.3204710574370386,203.62639783222693,0.3785253078546254,0.14669776586205402,0.18317317165893654,-0.020396839477653417,-0.08694262121099072
1.1925,119269,0,4579.999949783087,5860.000150278211,5191.944287511935,1280.0002004951239,680.0000192015432,536.3863887535347,780,161.7798240177457,0.3016106064765977,171.8951579162282,0.32046890361196817,202.71140681956078,0.3779204899114341,0.1483991682115011,0.1851917969664665,-0.019908237468878487,-0.08350081704874895
1.195,119519,0,4659.999860450625,5899.999989196658,5270.898707035193,1240.0001287460327,680.0000192015432,536.3201269752255,760,161.99190460648288,0.30204330670955004,172.1189873589832,0.32092584018748554,202.20923500975942,0.37703085310296436,0.15040605784723093,0.17581265483095723,-0.01950211267179064,-0.08110183406906274
1.1975,119769,0,4740.000003948808,5980.00013269484,5350.261281410314,1240.0001287460327,680.0000192015432,534.4533392988358,760,161.58671391425932,0.30234017084868337,171.53328460307824,0.32095090813375315,201.33334078149824,0.3767089210175636,0.15269661699024903,0.17837056940320364,-0.019129231296025395,-0.07797836238253203
1.2,120019,0,4820.00014744699,6060.000043362379,5429.62834898891,1239.999895915389,680.0000192015432,533.2065739641101,740,161.5088096741798,0.30290100977834317,171.12678293976984,0.3209389968085583,200.57098135016054,0.37615999341309864,0.15481440266147944,0.17310753567833834,-0.019000406721445096,-0.07517396231319612
1.2025,120269,0,4900.000058114529,6139.999954029918,5509.343404092248,1239.999895915389,680.0000192015432,531.3026568901043,760,161.10346462668107,0.3032235253060367,170.4783805029372,0.32086867681182946,199.72081176048607,0.37590779788213385,0.15706527200922396,0.18248993626311927,-0.01870434945699817,-0.07281489020828091
1.205,120519,0,4979.999968782067,6220.0000975281,5590.4778382616605,1240.0001287460327,680.0000192015432,529.5721582813046,760,160.66456971642546,0.3033856051606884,169.91891733190104,0.320860745178453,198.98867123297802,0.3757536496608585,0.15981769724182876,0.18417454782543877,-0.018773234281643847,-0.07006330547524053
1.2075,120769,0,5060.00011228025,6300.000008195639,5670.663589183232,1239.999895915389,680.0000192015432,528.1074869220768,760,160.5549651137158,0.30401948294553527,169.40762203916506,0.320782466134894,198.14489976919594,0.3751980509195708,0.16216375926920248,0.1852386415730306,-0.019186246865266543,-0.06696139538473683
1.21,121019,0,5140.000022947788,6379.999918863177,5750.920943786505,1239.999895915389,680.0000192015432,526.6487267561567,760,160.48425986422245,0.3047273290732328,168.87912098688054,0.32066748177115245,197.2853459050537,0.37460518915561464,0.16443058276054937,0.1861678069369563,-0.01971855528713201,-0.06391986193539106
1.2125,121269,0,5219.999933615327,6460.00006236136,5830.911549602704,1240.0001287460327,680.0000192015432,525.1298206103706,760,160.36660154844873,0.3053846787105918,168.30621323539768,0.32050400992229205,196.45700582652415,0.374111311367116,0.16688983106902971,0.18701345259088858,-0.020375012142562987,-0.062454792135295645
1.215,121519,0,5300.000077113509,6539.999973028898,5909.624837996938,1239.999895915389,680.0000192015432,523.0489069152486,760,160.1119103433133,0.3061126946762873,167.51837385171635,0.32027286863035154,195.41862272021896,0.37361443669336125,0.16950886033685506,0.1887267410526129,-0.0209455819794393,-0.05990513774963235
1.2175,121769,0,5379.999987781048,6619.999883696437,5988.34279085083,1239.999895915389,680.0000192015432,521.5650481667537,760,159.9956635239941,0.3067607081539724,166.91439057630296,0.3200260277466626,194.65499406645674,0.37321326409936506,0.17197229844281767,0.18964297652244178,-0.02185162808219926,-0.05843758281202266
1.22,122019,0,5459.9998984485865,6739.999866113067,6065.878581105578,1279.9999676644802,680.0000192015432,519.5360105980711,740,159.78471289333348,0.3075527194147622,166.12345682189348,0.3197534981851559,193.6278408828441,0.37269378240008183,0.175463449026708,0.1796091981555148,-0.022094071203413945,-0.056545353051123626
1.33,133019,0,2979.9999902024865,4740.000003948808,4018.5156885194424,1760.0000137463212,640.000005660113,546.612247024392,1020,162.9550062493631,0.29811810316443826,175.85898763857094,0.32172529722101784,207.79825313645796,0.3801565996145439,0.11778531505602235,0.15329975225954373,-0.019101860835350648,-0.11001065652557246
1.3325,133269,0,3299.9999821186066,4859.9999863654375,4156.481272972791,1560.000004246831,640.000005660113,548.7640594068112,920,164.23148181489077,0.299275214911883,175.72130680045933,0.3202128561232782,208.8112707914611,0.3805119289648388,0.1177400171850894,0.15783750530693702,-0.02178952744920093,-0.10992392846424631
1.335,133519,0,3540.000063367188,4979.999968782067,4277.44735405092,1439.9999054148793,680.000004649628,548.2044398278283,840,163.74023182687824,0.2986846145906868,175.33852240238332,0.31984148551852476,209.12568559856675,0.38147389989078845,0.12209888939198042,0.161523585298588,-0.025703310160836657,-0.10857635942749905
1.3375,133769,0,3700.000001117587,5060.00011228025,4379.716019762725,1360.0001111626625,680.000004649628,546.8481774911297,820,163.52710469256127,0.2990356582018851,174.72460674627618,0.31951209483387244,208.59646605229233,0.3814522469642425,0.12618491610314883,0.1652913116376642,-0.02708416435587324,-0.10537790177129575
1.34,134019,0,3819.999983534217,5140.000022947788,4472.156630142049,1320.0000394135714,680.000004649628,544.3779096826057,800,162.54147747940928,0.2985820596103496,173.88889385715672,0.3194268003243206,207.94753834603964,0.38199114006532975,0.12981029575680084,0.16838493908434116,-0.02708515397703165,-0.10319660451007678
1.3425,134269,0,3939.9999659508467,5219.999933615327,4558.587870216054,1279.9999676644802,640.0000202120282,538.9958736050644,780,160.56322523153938,0.29789323646879723,171.8302436705419,0.31879695575637407,206.60240470298308,0.38330980777482865,0.13340726083312876,0.1739032874807575,-0.027947703057517204,-0.10408452879638802
1.345,134519,0,4020.000109449029,5300.000077113509,4642.345652175647,1279.9999676644802,640.0000202120282,539.6437936142914,760,161.5919671660773,0.299441907936728,172.05546942555932,0.3188315541872707,205.99635702265485,0.38172653787600125,0.13436166467126506,0.16705720224985468,-0.028027339311163357,-0.10406085479406196
1.3475,134769,0,4100.000020116568,5379.999987781048,4724.006175910239,1279.9999676644802,640.0000202120282,539.5994047497322,780,162.22196058823985,0.30063406141724497,172.3124283785219,0.31933398528940354,205.0650157829705,0.38003195329335143,0.13469788815711536,0.17642583557870584,-0.026738530115281822,-0.10112528872100246
1.35,135019,0,4179.999930784106,5459.9998984485865,4803.880690101177,1279.9999676644802,680.0000192015432,539.4154567523846,780,161.8290667167697,0.30000821202099215,171.94106425610894,0.3187544259322874,205.6453257795058,0.3812373620467203,0.1385760550791998,0.17802977848871232,-0.02613139953627963,-0.09784116704235535
1.3525,135269,0,4260.000074282289,5540.000041946769,4883.124332925489,1279.9999676644802,680.0000192015432,539.7221425387844,780,161.99983919330515,0.3001541467824138,171.9327813996373,0.31855795389621655,205.78952194584195,0.38128789932136964,0.14107268964514877,0.17884351237120247,-0.02542976994748919,-0.09666940544540115
1.355,135519,0,4339.999984949827,5619.999952614307,4963.15649858704,1279.9999676644802,680.0000192015432,539.2948736834774,780,162.00255296686495,0.30039698293506756,171.88626723511834,0.31872408884791614,205.40605348149398,0.3808789282170162,0.1428021771449698,0.18059635766847532,-0.024760726514061637,-0.0943903676100068
1.3575,135769,0,4419.999895617366,5699.999863281846,5043.125097838841,1279.9999676644802,680.0000192015432,537.9169546123479,760,161.8902670073116,0.3009577326373334,171.49034586668245,0.31880450020443707,204.53634173835385,0.3802377671582295,0.144188747172305,0.17402884804604327,-0.024298841291641227,-0.09218675065156534
1.36,136019,0,4500.000039115548,5780.000006780028,5122.928201394062,1279.9999676644802,680.0000192015432,536.7150791650457,780,161.7201630711942,0.3013147372769519,171.08202048840636,0.3187576185758641,203.9128956054452,0.379927644147184,0.14619329948512952,0.18530400891022425,-0.023860248185636646,-0.08916116050817813
1.3625,136269,0,4579.999949783087,5860.000150278211,5201.93567035249,1280.0002004951239,680.0000192015432,535.7167072388305,780,161.55936485375128,0.30157611788225547,170.74966086102592,0.3187312595515211,203.40768152405326,0.3796926225662234,0.14888195435929136,0.18635718844615157,-0.02268793020313986,-0.08540218514116693
1.365,136519,0,4659.999860450625,5940.000060945749,5280.914542398309,1280.0002004951239,680.0000192015432,533.7110702053302,780,161.09366318944078,0.3018368405352067,170.13405229719498,0.31877557314248833,202.4833547186944,0.3793875863223048,0.15140285532405567,0.18880679452559612,-0.02234546288678496,-0.08191307367788303
1.3675,136769,0,4740.000003948808,6019.999971613288,5359.894184344,1279.9999676644802,680.0000192015432,533.5836364227279,780,161.27290397916858,0.3022448459258995,170.0203140399694,0.3186385459266071,202.29041840358997,0.37911660814749354,0.1535381542137787,0.18848764709372096,-0.022062020013760564,-0.07900210444755473
1.37,137019,0,4820.00014744699,6100.00011511147,5438.947143231033,1279.9999676644802,680.0000192015432,531.873707584933,760,161.0562609941295,0.30280921710801245,169.4615252681713,0.3186123375747251,201.35592132263216,0.37857844531726237,0.15561970945767087,0.18433059766100238,-0.0219998133393563,-0.07599266559496093
1.3725,137269,0,4900.000058114529,6180.000025779009,5518.739263092596,1279.9999676644802,680.0000192015432,530.6025246456477,780,160.99785788770325,0.30342459828140184,169.05318092823828,0.31860606211992126,200.5514858297062,0.377969339598677,0.15776790440583427,0.1921907935815312,-0.022057118195275505,-0.07324473689807737
1.375,137519,0,4979.999968782067,6259.9999364465475,5599.398519258466,1279.9999676644802,680.0000192015432,529.213371089757,780,160.7103823728054,0.3036778568951695,168.5454939554188,0.31848306026045736,199.95749476153262,0.3778390828443731,0.160140680559294,0.19347243845029308,-0.022232006996602938,-0.07050616331774884
1.3775,137769,0,5060.00011228025,6340.00007994473,5679.491116535418,1279.9999676644802,680.0000192015432,527.8516500835343,780,160.6639336295976,0.30437327155114885,168.05581673654362,0.31837698472657655,199.1318997173931,0.37724974372227466,0.16249031895896837,0.19434134794699714,-0.02279313929985005,-0.06813170704348237
1.38,138019,0,5140.000022947788,6419.999990612268,5759.743926163831,1279.9999676644802,680.0000192015432,525.46745553067,780,160.24156711030506,0.30495050725544354,167.25644759107988,0.3183002978218079,197.9694408292851,0.3767491949227485,0.16554811077979714,0.19642696514846344,-0.023342272970005074,-0.06536684807972482
1.3825,138269,0,5219.999933615327,6499.999901279807,5838.799450555426,1279.9999676644802,680.0000192015432,523.5567673292234,780,160.01968812596778,0.3056396137180366,166.55038598238244,0.3181133286309947,196.9866932208731,0.3762470576509687,0.16770992309877522,0.19786110463305298,-0.02403223306871599,-0.06298087357439419
1.385,138519,0,5300.000077113509,6580.000044777989,5917.481287058935,1279.9999676644802,680.0000192015432,522.4643186714117,780,160.03334570047082,0.30630483265809205,166.27334272464714,0.31824822630465566,196.1576302462937,0.37544694103725235,0.17028049081611685,0.1977787563849825,-0.024569297897710562,-0.06075069873102862
1.3875,138769,0,5379.999987781048,6659.999955445528,5995.975854419838,1279.9999676644802,680.0000192015432,521.4827548206919,780,160.09982456973353,0.30700885712852133,165.94601714957957,0.3182195683664341,195.43691310137876,0.37477157450504445,0.17275382155900965,0.1972321418887823,-0.024813904910571505,-0.05816486325080161
1.5,150019,0,3020.0000619515777,4780.000075697899,4035.3391198873896,1760.0000137463212,640.000005660113,549.8068035277951,1020,164.38479782508557,0.29898647446761767,176.39734554367308,0.3208351450215466,209.02466015903633,0.3801783805108357,0.11596797575115235,0.15465764888433062,-0.020570375699644983,-0.11104089159700303
1.5025,150269,0,3339.999937452376,4900.000058114529,4172.781866628592,1560.0001206621528,640.000005660113,547.4895433533394,920,163.82303824437085,0.299225876061422,174.78845458193686,0.31925441627865336,208.87805052703166,0.3815197076599246,0.11784695114825024,0.16525379849355198,-0.023265306376562378,-0.11047282118848556
1.505,150519,0,3580.0000187009573,4979.999968782067,4291.1515873491835,1399.99995008111,680.000004649628,546.017616679195,820,163.15006592777956,0.2988000037801639,174.22654362518688,0.31908593844427413,208.6410071262286,0.382114057775562,0.12328345200308924,0.16032868052105217,-0.02630246919005297,-0.10906011910054891
1.5075,150769,0,3700.000001117587,5060.00011228025,4391.540655722166,1360.0001111626625,680.000004649628,546.1224931496353,820,163.19286844946623,0.2988209980297443,174.2850683782642,0.31913182585305244,208.64455632190476,0.3820471761172031,0.12642120989332323,0.16539129694501378,-0.02811586674444716,-0.10473741857128505
1.51,151019,0,3819.999983534217,5140.000022947788,4483.179509688171,1320.0000394135714,680.000004649628,543.5443085102863,800,162.47818376141385,0.29892353064412414,173.27009511009683,0.31877823463000676,207.7960296387757,0.3822982347258692,0.12997061362147233,0.16876718492607873,-0.02889144968908447,-0.10465725446062613
1.5125,151269,0,3939.9999659508467,5219.999933615327,4569.046457711714,1279.9999676644802,640.0000202120282,542.0837530164437,780,162.08099905119508,0.29899623102387735,172.7370686247024,0.3186538383847534,207.26568534054618,0.38234993059136924,0.13280445641110494,0.1687971856421775,-0.02808288142590587,-0.1028918914029856
1.515,151519,0,4020.000109449029,5300.000077113509,4652.6488787093385,1279.9999676644802,640.0000202120282,541.6809517835303,760,162.71914140822435,0.30039664653604276,172.54355764238008,0.31853355203698014,206.4182527329258,0.38106980142697705,0.13361234056846857,0.16425734488861884,-0.028331328526763788,-0.10216372693749781
1.5175,151769,0,4100.000020116568,5379.999987781048,4733.977883734542,1279.9999676644802,640.0000202120282,537.963314688507,780,161.7216936215222,0.30061844219835465,171.2485104850033,0.31832748778447856,204.9931105819814,0.3810540700171667,0.13517799217168702,0.1782004687829852,-0.02735963864997487,-0.1002865419396054
1.52,152019,0,4179.999930784106,5459.9998984485865,4813.58562305366,1279.9999676644802,680.0000192015432,539.7774703147975,780,161.98595431733915,0.3000976573232469,171.54961076120836,0.31781543357332204,206.24190523625006,0.3820869091034312,0.13861114251878684,0.17661417630091816,-0.027147309818119136,-0.0984525876414391
1.5225,152269,0,4299.999913200736,5540.000041946769,4892.773826809329,1240.0001287460327,680.0000192015432,537.363272888233,760,161.1222164691023,0.29983853493205587,170.72925317427467,0.3177166393539234,205.51180324485605,0.3824448257140207,0.14201401808176362,0.1745172018184538,-0.026620639065275897,-0.09624411052489873
1.525,152519,0,4380.000056698918,5619.999952614307,4972.856989998872,1239.999895915389,680.0000192015432,537.1438704179499,760,161.53105462845136,0.30072214079770576,170.6191624581072,0.31764145856369724,204.9936533313913,0.3816364006385969,0.14393305388327324,0.17574008075969963,-0.02635849826562553,-0.09460493710881934
1.5275,152769,0,4459.999967366457,5699.999863281846,5052.676492072021,1239.999895915389,680.0000192015432,536.8736139140791,740,161.87411799590205,0.3015125232468741,170.54303734763215,0.3176595625631282,204.45645857054478,0.38082791418999756,0.1456052032036643,0.16713196472463598,-0.025883508899949226,-0.09287996622102002
1.53,153019,0,4539.999878033996,5780.000006780028,5132.340716324344,1240.0001287460327,680.0000192015432,536.0907203088908,760,161.71787870026733,0.30166140276982767,170.26799898479052,0.31761042027864905,204.10484262383292,0.3807281769515232,0.1478810003099737,0.17749921489161904,-0.025346975470318445,-0.08925883618785846
1.5325,153269,0,4620.000021532178,5860.000150278211,5211.344520774964,1240.0001287460327,680.0000192015432,534.58684560915,760,161.59446070589448,0.3022791563862016,169.81304768326453,0.3176528735752304,203.17933721999103,0.38006797003856807,0.1495381748776019,0.17924204289449708,-0.024854831760173723,-0.08650999392288844
1.535,153519,0,4699.999932199717,5940.000060945749,5290.356445663817,1240.0001287460327,680.0000192015432,532.4199223461818,760,160.8707781045099,0.3021501851313352,169.10465896847955,0.31761519783725706,202.44448527319238,0.38023461703140793,0.15219229832126216,0.18210027765155,-0.024440089492444084,-0.0839738842825723
1.5375,153769,0,4780.000075697899,6019.999971613288,5369.341096626734,1239.999895915389,680.0000192015432,532.4358280021513,740,161.16051158395237,0.3026853248938409,169.28019946935473,0.3179354028532256,201.99511694884424,0.3793792722529335,0.1540444030826115,0.17373639305434213,-0.023865023726067636,-0.08028116158094262
1.54,154019,0,4859.9999863654375,6100.00011511147,5448.178862894048,1240.0001287460327,680.0000192015432,531.3216817284651,760,161.13223447761527,0.3032668156011047,168.9026887761711,0.317891579780269,201.2867584746788,0.3788416046186263,0.1560146327357214,0.18343380555774852,-0.023931289685815205,-0.07729003837299697
1.5425,154269,0,4940.00012986362,6180.000025779009,5528.042284387184,1239.999895915389,680.0000192015432,529.748666186269,760,160.85829850720893,0.3036502190090429,168.36387479918812,0.31781840247236864,200.52649287987197,0.3785313785185885,0.15879326335665442,0.18552112528840786,-0.02401344165927516,-0.07451492519470504
1.545,154519,0,5020.000040531158,6259.9999364465475,5608.396820931091,1239.999895915389,680.0000192015432,528.4465654397045,760,160.83104207138769,0.3043468395665795,167.91557454878233,0.3177531760643857,199.6999488195345,0.37789998436903494,0.16104649054051443,0.1867734534488397,-0.02434392437321592,-0.07183541366062796
1.5475,154769,0,5099.999951198697,6340.00007994473,5688.534756630147,1240.0001287460327,680.0000192015432,526.1099153677629,760,160.417176280343,0.3049119045175336,167.11321352675932,0.3176393537649701,198.57952556066058,0.3774487417174963,0.16400264815618518,0.189303964085106,-0.02483041953525683,-0.06958503811655486
1.55,155019,0,5180.000094696879,6419.999990612268,5768.802379956445,1239.999895915389,680.0000192015432,524.5656394447363,760,160.3410717429621,0.30566445776487844,166.54525635749363,0.31749173760939664,197.67931134428065,0.3768438046257248,0.16645502966659784,0.19037911149113546,-0.025437318709405077,-0.06683372835595541
1.5525,155269,0,5260.000005364418,6499.999901279807,5847.5224939446025,1239.999895915389,680.0000192015432,522.3571984868377,760,159.92754978016865,0.30616511123699675,165.71723890646288,0.3172488852197537,196.71240980020607,0.3765860035432494,0.16910892806274158,0.1926696801520543,-0.02619721395152297,-0.0645349166898802
1.555,155519,0,5339.999916031957,6580.000044777989,5926.05492253409,1240.0001287460327,680.0000192015432,520.944853829264,760,159.81585378262352,0.30678075156684825,165.10985092364405,0.316943050132822,196.01914912299642,0.3762761983003297,0.17140649527365392,0.1935974742169627,-0.026933903685941674,-0.06237147310468999
1.5575,155769,0,5420.000059530139,6659.999955445528,6004.535038870319,1239.999895915389,680.0000192015432,518.582561738572,760,159.3871534017536,0.307351548550728,164.241562952965,0.31671246792861213,194.95384538385338,0.3759359835206598,0.17438780341060825,0.1958499676406097,-0.026785495049414243,-0.06056355515145545
1.67,167019,0,3060.000017285347,4780.000075697899,4052.509737081312,1720.0000584125519,640.000005660113,547.6927579921718,1000,163.6727694402314,0.29884048501983446,175.29773968279224,0.3200658345847578,208.72224886914816,0.38109368039540786,0.1178239336426637,0.15607549395542838,-0.021838288242232384,-0.11102212828916774
1.6725,167269,0,3380.000009201467,4900.000058114529,4188.767778451532,1520.0000489130616,680.000004649628,548.5754211932411,900,164.50479085206055,0.2998763424256882,175.0634237665723,0.3191237102562502,209.0072065746084,0.3809999473180617,0.1185225876324197,0.16087040906864142,-0.02416912063161969,-0.10920803959780162
1.675,167519,0,3580.0000187009573,4979.999968782067,4304.607107796973,1399.99995008111,680.000004649628,546.7435885099575,820,163.97800471580348,0.2999175631170974,174.45291882669918,0.31907629553029865,208.3126649674548,0.38100614135260397,0.12339312050525666,0.15909764561456213,-0.027281466323423376,-0.10579311290971294
1.6775,167769,0,3739.9999564513564,5060.00011228025,4403.35199982662,1320.0001558288932,680.000004649628,546.1244845890647,800,163.5365733256788,0.29944926100270547,174.1267285110335,0.31884072848712586,208.46118275235233,0.3817100105101687,0.12730861751920347,0.1610342163005869,-0.028116248570830782,-0.10304029194111297
1.68,168019,0,3859.999938867986,5140.000022947788,4494.241234542065,1280.000084079802,640.0000202120282,541.290989069736,780,161.77205826357002,0.2988633868477875,171.9277380958888,0.3176253467499324,207.59119271027717,0.38351126640228,0.13117087392856525,0.16690880163766725,-0.029552449222610078,-0.103714848803378
1.6825,168269,0,3939.9999659508467,5219.999933615327,4579.502858067978,1279.9999676644802,640.0000202120282,542.0283468988009,780,162.7929025428544,0.30034020079257684,172.49606976208042,0.3182417870744428,206.73937459386622,0.3814180121329805,0.13254364713220737,0.16816486431906538,-0.028943943669615446,-0.10058027680342752
1.685,168519,0,4020.000109449029,5300.000077113509,4662.906663424818,1279.9999676644802,640.0000202120282,537.6418387898526,760,161.10118373544665,0.2996440606223283,170.9623404131371,0.31798555856059585,205.57831464126886,0.38237038081707586,0.13489151981110856,0.17035014120790992,-0.0284626218598259,-0.10031967867012398
1.6875,168769,0,4140.000091865659,5379.999987781048,4744.03382496645,1239.999895915389,640.0000202120282,534.6286900422178,760,160.655975623838,0.3005001015025055,169.9730262295422,0.3179272444509478,203.99968818883764,0.3815726540465467,0.13641863763645648,0.17648434861891765,-0.028446637553497855,-0.1007091644232746
1.69,169019,0,4220.000002533197,5459.9998984485865,4823.504747291723,1239.999895915389,680.0000192015432,538.6316463400337,760,162.04361673903693,0.30084310463396,171.09684837930843,0.3176509392678654,205.4911812216884,0.38150595609817456,0.1396833216212701,0.1715255127468929,-0.02774724172169285,-0.09924509433000167
1.6925,169269,0,4299.999913200736,5540.000041946769,4902.698195903688,1240.0001287460327,680.0000192015432,539.1850625913231,760,162.4604692591855,0.3013074369649644,171.20635318521195,0.3175279974604532,205.51824014692573,0.38116456557458245,0.14159183752996204,0.17161897085344563,-0.027469540544049265,-0.09712513266886669
1.695,169519,0,4380.000056698918,5619.999952614307,4982.927310366746,1239.999895915389,680.0000192015432,538.4896704459451,760,162.3487940433123,0.30148915188821485,171.05015051830114,0.3176479696939174,205.0907258843317,0.3808628784178678,0.143809776227884,0.17354501488121948,-0.02672897898829313,-0.0938802332369601
1.6975,169769,0,4459.999967366457,5699.999863281846,5062.744213545076,1239.999895915389,680.0000192015432,537.9111571917082,740,162.36059779215407,0.30183534143406837,170.82150320651238,0.31756452886816144,204.72905619304177,0.38060012969777013,0.14613549525281413,0.16525216560229164,-0.026137763593902297,-0.09087983885868389
1.7,170019,0,4539.999878033996,5780.000006780028,5142.2128131609015,1240.0001287460327,680.0000192015432,536.2435914850106,760,162.09984133437115,0.30228769892703183,170.3008215565003,0.3175810849037636,203.8429285941392,0.38013121616920453,0.148180337864042,0.17704332305575565,-0.024955822729438526,-0.08708667275051801
1.7025,170269,0,4620.000021532178,5860.000150278211,5221.215546457282,1240.0001287460327,680.0000192015432,536.3420331325555,760,162.4463466216607,0.30287826906438364,170.51254438631122,0.31791754860311217,203.38314212458363,0.3792041823325043,0.14994369448689188,0.17641187729560623,-0.02437592205933531,-0.08427162651706793
1.705,170519,0,4699.999932199717,5940.000060945749,5300.266148681534,1240.0001287460327,680.0000192015432,534.3570246443834,760,162.12935314515553,0.3034101652412135,169.87464253109368,0.31790476160418385,202.3530289681341,0.37868507315460265,0.1523892429388482,0.17917624553420286,-0.02410381777182785,-0.08064237793065326
1.7075,170769,0,4780.000075697899,6019.999971613288,5379.348810435938,1239.999895915389,680.0000192015432,533.1914465060858,740,162.11410545417945,0.30404483514596126,169.48295091424987,0.3178650970956929,201.59439013765635,0.3780900677583458,0.15431291792105747,0.17332865363756422,-0.02384240228385781,-0.07807756897490825
1.71,171019,0,4859.9999863654375,6100.00011511147,5458.235024414982,1240.0001287460327,680.0000192015432,531.5160845222526,760,161.76792632774135,0.3043518927054572,168.901444389978,0.3177729692635609,200.84671380453324,0.3778751380309819,0.1571063717991866,0.18313199968117982,-0.02386007534137541,-0.07470388904050496
1.7125,171269,0,4940.00012986362,6180.000025779009,5538.36670103926,1239.999895915389,680.0000192015432,530.176731485683,760,161.68705293976228,0.30496821783686395,168.45536099112158,0.317734353446763,200.0343175547991,0.37729742871637295,0.15934381702724887,0.18458089798887176,-0.02391075615506133,-0.07328348768436027
1.715,171519,0,5020.000040531158,6259.9999364465475,5618.88066558625,1239.999895915389,680.0000192015432,528.2368735354163,760,161.31553754730288,0.30538484840643615,167.7724278606879,0.31760832358750396,199.1489081274255,0.37700682800605984,0.16162454105247304,0.18655727360191368,-0.024271267358845494,-0.07012371648384136
1.7175,171769,0,5099.999951198697,6340.00007994473,5699.166229238658,1240.0001287460327,680.0000192015432,526.7439613899952,760,161.21389593755342,0.30605741641942147,167.22833051125656,0.3174755531510358,198.30173494118523,0.3764670304295428,0.16393755504498353,0.187436942591035,-0.024668309743451133,-0.06845252204330499
1.72,172019,0,5180.000094696879,6419.999990612268,5779.547608773165,1239.999895915389,680.0000192015432,525.2804464874012,760,161.1499801864188,0.3067884617903514,166.68144410475782,0.3173189583190694,197.44902219622446,0.37589257989057906,0.16629611569238772,0.1883175736101577,-0.02503863278679258,-0.06604702652602995
1.7225,172269,0,5260.000005364418,6499.999901279807,5858.20315254131,1239.999895915389,680.0000192015432,523.8180718011064,760,161.0287064591823,0.3074134229571309,166.07490469466345,0.31704691692600107,196.71446064726067,0.375539660116868,0.1686139837681501,0.18930114832356854,-0.02560049131701808,-0.0627692478090045
1.725,172519,0,5339.999916031957,6580.000044777989,5936.889705856413,1240.0001287460327,680.0000192015432,523.3948139925894,760,161.09560665070958,0.3077898411370016,165.8473881273322,0.3168686117888826,196.45181921454753,0.3753415470741157,0.17094728018209043,0.1884322972009983,-0.02627058599147597,-0.05986904346612576
1.7275,172769,0,5420.000059530139,6659.999955445528,6015.274485611005,1239.999895915389,680.0000192015432,521.7771289685679,760,161.13074488111238,0.3088114367903216,165.22039688969204,0.3166493656329751,195.42598719776348,0.3745391975767034,0.17350862708294923,0.1890854644623165,-0.02715716590137668,-0.05816768014858359
1.84,184019,0,3099.9999726191163,4820.00014744699,4070.312324102378,1720.0001748278737,640.000005660113,546.2153498465974,1000,163.38377057772308,0.29911969816228856,174.6681653651032,0.31977893959618325,208.16341390377124,0.3811013622415283,0.11821876748925814,0.1645313386570162,-0.021577125686744303,-0.11045739051667092
1.8425,184269,0,3380.000009201467,4900.000058114529,4204.501024589731,1520.0000489130616,680.000004649628,547.7320550827721,900,164.2597243828226,0.29989065430541584,174.77306160535068,0.31908496131185776,208.69926909459886,0.38102438438272646,0.11974204912045816,0.161230030335356,-0.024574370655388755,-0.10926596284254292
1.845,184519,0,3619.9999740347266,5020.000040531158,4318.041841284388,1400.0000664964318,680.000004649628,545.9890716996979,840,163.29089994104916,0.2990735683275023,174.0095958095959,0.3187052723745793,208.68857594905276,0.38222115929791833,0.1242015421899066,0.16809061910756534,-0.027860081199368947,-0.1064798251078724
1.8475,184769,0,3739.9999564513564,5099.999951198697,4415.324676699554,1359.9999947473407,680.000004649628,545.7745422891032,820,163.63938787478884,0.29982964611806157,173.975745378822,0.3187685241769027,208.15940903549242,0.38140182970503583,0.1271491424453554,0.1691196029281639,-0.028057415522003415,-0.10135722853117984
1.85,185019,0,3859.999938867986,5180.000094696879,4505.519436240364,1320.0001558288932,640.0000202120282,542.1043869757779,800,162.20345563614603,0.29921074157142646,172.5205962928496,0.3182423910186104,207.38033504678228,0.3825468674099632,0.132128104770831,0.17355103335699412,-0.029079808410293506,-0.10274735636339605
1.8525,185269,0,3939.9999659508467,5260.000005364418,4590.3416675952185,1320.0000394135714,640.0000202120282,540.6075382181889,800,161.99576394075768,0.29965502233780594,171.89881281598582,0.31797339227372656,206.71296146144542,0.3823715853884675,0.13294612518477733,0.17808673892092322,-0.02919926870072781,-0.1020555191930631
1.855,185519,0,4059.9999483674765,5339.999916031957,4673.530071691495,1279.9999676644802,640.0000202120282,539.2430923602486,780,161.8465067602966,0.3001364487617263,171.71650725552848,0.31843988302924975,205.6800783444236,0.38142366820902407,0.1352543957355841,0.17621233006156165,-0.029126135101276707,-0.10186332186439756
1.8575,185769,0,4140.000091865659,5420.000059530139,4754.433224514639,1279.9999676644802,640.0000202120282,537.4010038605207,780,162.04816747908728,0.3015405001386003,170.94129218122774,0.31808889628645826,204.41154420020567,0.38037060357494135,0.13650421170641758,0.18048984412485358,-0.02879389132340221,-0.10006001700818301
1.86,186019,0,4220.000002533197,5499.999970197678,4833.716927065559,1279.9999676644802,680.0000192015432,540.7229914878227,780,162.98559655779755,0.30142161351292945,171.7981460550587,0.31771932904563327,205.93924887496647,0.3808590574414373,0.13968845116047934,0.17656441113853028,-0.027306423058624074,-0.0971259729087573
1.8625,186269,0,4299.999913200736,5579.999880865216,4913.00417413302,1279.9999676644802,680.0000192015432,537.8490567740722,780,161.908051997092,0.30102879229386237,170.81460688365217,0.31758837304311605,205.12639789332812,0.38138283466302164,0.14268563428680725,0.18176321202574053,-0.02634059119358584,-0.09346595779449524
1.865,186519,0,4380.000056698918,5660.000024363399,4993.120214148066,1279.9999676644802,680.0000192015432,537.9586485345054,780,162.15359233557956,0.3014238971291095,170.81444048352003,0.3175233653159937,204.99061571540588,0.38105273755489677,0.1444524269408739,0.1822927647075063,-0.025943946916674343,-0.09052527284320133
1.8675,186769,0,4459.999967366457,5739.999935030937,5073.038806859111,1279.9999676644802,680.0000192015432,538.0529685190563,760,162.5607275182967,0.30212774025897643,170.81466219074426,0.3174681159382814,204.67757881001538,0.38040414380274207,0.14639065217548514,0.1736611230908819,-0.025237970670481225,-0.08777733465432602
1.87,187019,0,4539.999878033996,5820.0000785291195,5152.398939166199,1280.0002004951239,680.0000192015432,537.2131443749022,780,162.70307850062733,0.30286503635339673,170.5580926056884,0.3174868195083884,203.95197326858653,0.3796481441382149,0.1479975145239722,0.18376278833455986,-0.02471413245386389,-0.08512106461613134
1.8725,187269,0,4620.000021532178,5899.999989196658,5231.423393864229,1279.9999676644802,680.0000192015432,535.6202131645068,780,162.55686241692428,0.3034927704772741,170.0314271397023,0.3174477418153,203.03192360788017,0.37905948770742587,0.14979992970732667,0.1858462106063122,-0.02432572225377644,-0.08240200071051734
1.875,187519,0,4699.999932199717,5940.000060945749,5310.338834694098,1240.0001287460327,680.0000192015432,535.5232795463195,760,162.76146957747574,0.3039297744728534,170.2368508312442,0.31788879649725804,202.5249591375996,0.37818142902988855,0.15191487346698287,0.17655910274441552,-0.023941861265402486,-0.07956884905480283
1.8775,187769,0,4780.000075697899,6019.999971613288,5389.293977882726,1239.999895915389,680.0000192015432,533.0370728739645,740,162.16288076906068,0.30422439455239125,169.4443279118762,0.317884696083683,201.42986419302758,0.3778909093639258,0.15430338080152772,0.17303918738832802,-0.023818477883770506,-0.07676990840152476
1.88,188019,0,4859.9999863654375,6100.00011511147,5468.245914155238,1240.0001287460327,680.0000192015432,531.7940294151289,760,162.07280814468828,0.3047661297042714,169.01838643993364,0.317826784602718,200.70283483050693,0.37740708569301057,0.15640214664123694,0.18133674137962902,-0.023688144698111313,-0.07352696175659301
1.8825,188269,0,4940.00012986362,6180.000025779009,5548.498149109511,1239.999895915389,680.0000192015432,530.4444891231233,760,161.97434972017112,0.30535589122234186,168.5643607115808,0.31777945509479083,199.90577869137138,0.3768646536828674,0.15854632909848618,0.18256996510075538,-0.023576187785510627,-0.07218289046787141
1.885,188519,0,5020.000040531158,6259.9999364465475,5628.6891320793275,1239.999895915389,680.0000192015432,528.1345560677374,760,161.22212555220273,0.30526714016328205,167.76287916710922,0.31765177498741876,199.14955134842538,0.37708108484929903,0.16137242990134223,0.18498351340196237,-0.02393547460282558,-0.06903825883015197
1.8875,188769,0,5099.999951198697,6340.00007994473,5709.025375503633,1240.0001287460327,680.0000192015432,527.2380770097931,760,161.2672798729876,0.30587183836874543,167.40622354524714,0.31751542774505964,198.56457359155837,0.37661273388619493,0.16358856649971018,0.18522359896139887,-0.024468694243831912,-0.06601467216695933
1.89,189019,0,5180.000094696879,6419.999990612268,5789.263662361873,1239.999895915389,680.0000192015432,525.1281217732823,760,161.0228039699219,0.30663527107664895,166.66510487494065,0.31737988876340606,197.44021292841967,0.37598484015994504,0.1661374223290661,0.18712040093542773,-0.024939010532679107,-0.06361511377773349
1.8925,189269,0,5260.000005364418,6499.999901279807,5867.660707415784,1239.999895915389,680.0000192015432,523.6851985365274,760,160.9040166506779,0.3072533214617001,166.07057366700283,0.3171190901157755,196.7106082188468,0.3756275884225245,0.16859635120377642,0.18813937490883753,-0.025685671680983624,-0.06134001650485138
1.895,189519,0,5339.999916031957,6580.000044777989,5946.375399416214,1240.0001287460327,680.0000192015432,522.6365888653365,760,161.03266915081397,0.30811595012974863,165.61920436026045,0.31689171383853143,195.98471535426222,0.37499233603172005,0.17121082434505494,0.18828418176357273,-0.02596351444592382,-0.05876278215713543
1.8975,189769,0,5420.000059530139,6659.999955445528,6024.50797486603,1239.999895915389,680.0000192015432,520.5127721552162,760,160.6083665914524,0.3085579743345072,164.79281438588646,0.31659706197707954,195.11159117787727,0.37484496368841314,0.17383927480211347,0.18991005535802594,-0.026652945456671684,-0.05691570462563861
